Town/City,Clerk,Address,Phone (Area Code 603),Fax,E-Mail,Town Website Address,Polling Hours,Polling Place
ACWORTH,CHARLOTTE COMEAU,PO BOX 37 ACWORTH 03601,835-6879,Not Applicable,ATCLERK@SOVER.NET,WWW.ACWORTHNH.NET,10:00 AM - 7:00 PM,ACWORTH TOWN HALL 13 TOWN HALL RD ACWORTH 03601
ALBANY,SANDRA VIZARD,1972 NH ROUTE 16 ALBANY 03818,447-2877,447-2877,TOWNCLERK@ALBANYNH.ORG,WWW.ALBANYNH.ORG,10:00 AM - 6:00 PM,ALBANY TOWN HALL 1972 ROUTE 16 ALBANY 03818
ALEXANDRIA,FRANCINE M SKIFFINGTON,47 WASHBURN ROAD ALEXANDRIA 03222,744-3288,744-8577,CLERKTAX@ALEXANDRIANH.GOV,WWW.ALEXANDRIANH.COM,11:00 AM - 7:00 PM,OLD TOWN HALL 45 WASHBURN RD ALEXANDRIA 03222
ALLENSTOWN,JACQUELENE TATE,16 SCHOOL STREET ALLENSTOWN 03275,485-4276,Not Applicable,jtate@allenstownnh.gov,WWW.ALLENSTOWNNH.GOV,08:00AM - 07:00PM,ALLENSTOWN ELEMENTARY SCHOOL 30 MAIN ST ALLENSTOWN 03275
ALSTEAD,JULIE ANN BACON,PO BOX 65 ALSTEAD 03602,835-2242,835-2178,JBACON@ALSTEADNH.GOV,WWW.ALSTEADNH.GOV,8:00 AM - 7:00 PM,TOWN HALL 9 MAIN ST ALSTEAD 03602
ALTON,JENNIFER COLLINS,PO BOX 637 ALTON 03809,875-2101,651-0732,TOWNCLERK@ALTON.NH.GOV,WWW.ALTON.NH.GOV,7:00 AM - 7:00 PM,PROSPECT MOUNTAIN HIGH SCHOOL 242 SUNCOOK VALLEY RD ALTON 03809
AMHERST,NANCY A DEMERS,2 MAIN ST AMHERST 03031,673-6041,673-4138,LFUCCI@AMHERSTNH.GOV,WWW.AMHERSTNH.GOV,6:00 AM - 8:00 PM,SOUHEGAN HIGH SCHOOL 412 BOSTON POST RD AMHERST 03031
ANDOVER,LISA R MEIER,PO BOX 361 ANDOVER 03216,735-4141,735-6975,TCTC@ANDOVER-NH.GOV,WWW.ANDOVER-NH.GOV,11:00 AM - 7:00 PM,ANDOVER ELEMENTARY MIDDLE SCHOOL 20 SCHOOL ST ANDOVER 03216
ANTRIM,ANN GILBERT,PO BOX 517 ANTRIM 03440,588-6785,588-2969,townclerk@antrimnh.gov,WWW.ANTRIMNH.ORG,8:00 AM - 7:00 PM,ANTRIM TOWN HALL 66 MAIN ST ANTRIM 03440
ASHLAND,REBECCA L HARTLEY,PO BOX 517 ASHLAND 03217,968-4432,968-3776,TOWNOFFICE@ASHLAND.NH.GOV,WWW.ASHLAND.NH.GOV,8:00 AM - 7:00 PM,WILLIAM J. TIRONE GYMNASIUM 27 HIGHLAND ST ASHLAND 03217
ATKINSON,JULIANNA CAMILLE HALE,19 ACADEMY AVE ATKINSON 03811,362-4920,362-5305,CLERKTAX@ATKINSON-NH.GOV,WWW.TOWN-ATKINSONNH.COM,7:00AM - 8:00PM,ATKINSON COMMUNITY CENTER 4 MAIN ST ATKINSON 03811
AT.& GIL. AC. GT.,DONNA M DEMERS,po box 100 AT.& GIL. AC. GT. 03579,482-3351,Not Applicable,ERROLTOWNCLERK@GMAIL.COM,Not Applicable,3:00PM - 7:00PM,ERROL TOWN HALL 33 DUMONT ST AT.& GIL. AC. GT. 03576
AUBURN,CAITLYN MARY FOLIA,47 CHESTER RD AUBURN 03032,483-2281,483-0518,TOWNCLERK@TOWNOFAUBURNNH.COM,AUBURNNH.US,7:00 AM - 7:00 PM,AUBURN VILLAGE SCHOOL 11 EATON HILL RD AUBURN 03032
BARNSTEAD,JESSIE L FIFIELD,PO BOX 11 BARNSTEAD 03225,269-4071,Not Applicable,JFIFIELD@BARNSTEAD.ORG,WWW.BARNSTEAD.ORG,7:00 AM - 7:00 PM,BARNSTEAD ELEMENTARY SCHOOL 91 MAPLE ST BARNSTEAD 03225
BARRINGTON,KIMBERLY KEREKES,PO BOX 660 BARRINGTON 03825,664-5476,Not Applicable,KKEREKES@BARRINGTON.NH.GOV,WWW.BARRINGTON.NH.GOV,8:00 AM - 7:00 PM,BARRINGTON MIDDLE SCHOOL 51 HALEY DR BARRINGTON 03825
BARTLETT,CHERYL NEALLEY,56 TOWN HALL ROAD BARTLETT 03845,356-2300,356-2300,TOWNCLERK@TOWNOFBARTLETT.NH.GOV,WWW.BARTLETTNH.ORG,8:00 AM - 7:00 PM,BARTLETT TOWN HALL - 56 TOWN HALL RD 56 TOWN HALL RD BARTLETT 03845
BATH,CARRIE C VOGT,PO BOX 88 BATH 03740,747-2454,747-0497,Not Applicable,BATH-NH.ORG,Not Applicable,BATH FIRE STATION 19 RUM HILL RD BATH 03740
BEAN'S GRANT,CHRISTINA ZORNIO,20 PARK ST BEAN'S GRANT 03581,466-2744,466-2744,CZORNIO@GORHAMNH.ORG,Not Applicable,Not Applicable,GORHAM TOWN HALL 20 PARK STREET GORHAM - FOR POLLING LOCATION ONLY BEAN'S GRANT 03581
BEAN'S PURCHASE,LEONA KEALTY,74 VILLAGE RD BEAN'S PURCHASE 03581,466-2262,466-5271,TCTX@TOWNOFSHELBURNENH.GOV,Not Applicable,4:00 PM - 8:00 PM,SHELBURNE TOWN HALL 74 VILLAGE RD SHELBURNE - FOR POLLING LOCATION ONLY BEAN'S PURCHASE 03581
BEDFORD,WILLIAM P CARTER,24 NORTH AMHERST RD BEDFORD 03110,792-1306,472-4573,WCARTER@BEDFORDNH.GOV,WWW.BEDFORDNH.ORG,7:00 AM - 7:00 PM,BEDFORD HIGH SCHOOL 47 NASHUA RD BEDFORD 03110
BELMONT,JENNIFER CASHMAN,PO BOX 310 BELMONT 03220,267-8300,267-8305,TCTC@BELMONTNH.GOV,WWW.BELMONTNH.GOV,7:00 AM - 7:00 PM,BELMONT HIGH SCHOOL 255 SEAVEY RD BELMONT 03220
BENNINGTON,DEBRA L BELCHER,7 SCHOOL STREET BENNINGTON 03442,588-2189,588-8005,TOWNCLERK@TOWNOFBENNINGTON.COM,TOWNOFBENNINGTON.COM/,8:00 AM - 7:00 PM,BENNINGTON TOWN HALL 7 SCHOOL ST BENNINGTON 03442
BENTON,MICHAEL P STIEBITZ,110 FLANDERS ROAD BENTON 03785,787-6541,Not Applicable,MSTIEBITZ@ATT.NET,HTTPS://WWW.TOBENTONNH.ORG/,Not Applicable,BENTON TOWN BUILDING 221 COVENTRY RD BENTON 03785
BERLIN WARD 01,SHELLI A FORTIN,168 MAIN STREET BERLIN 03570,752-2340,752-8586,SFORTIN@BERLINNH.GOV,WWW.BERLINNH.GOV,08:00 AM - 07:00 PM,BERLIN RECREATION CENTER 672 FIRST AVE BERLIN 03570
BERLIN WARD 03,SHELLI A FORTIN,168 MAIN STREET BERLIN 03570,752-2340,752-8586,SFORTIN@BERLINNH.GOV,WWW.BERLINNH.GOV,8:00 AM - 7:00 PM,VFW 1107 MAIN ST BERLIN 03570
BETHLEHEM,MARY E JACKSON,PO BOX 185 BETHLEHEM 03574,869-2293,869-5500,TOWNCLERK@BETHLEHEMNH.ORG,BETHLEHEMNH.ORG,8:00 AM - 7:00 PM,BETHLEHEM TOWN HALL 2155 MAIN ST BETHLEHEM 03574
BETHLEHEM,MARY E JACKSON,PO BOX 185 BETHLEHEM 03574,869-2293,869-5500,TOWNCLERK@BETHLEHEMNH.ORG,BETHLEHEMNH.ORG,07:00PM - 11:00PM,PROFILE SCHOOL 691 PROFILE RD BETHLEHEM 03574
BOSCAWEN,NICOLE ELLEN HOYT,116 N MAIN STREET BOSCAWEN 03303,753-9188,753-9184,NHOYT@BOSCAWENNH.GOV,WWW.BOSCAWENNH.GOV,7:00 AM - 7:00 PM,BOSCAWEN PUBLIC LIBRARY 116 N MAIN ST BOSCAWEN 03303
BOW,MRIDULA SUDHIR NAIK,10 GRANDVIEW ROAD BOW 03304,223-3980,225-5428,MNAIK@BOWNH.GOV,WWW.BOWNH.GOV,7:00 AM - 7:00 PM,BOW MEMORIAL SCHOOL 20 BOW CENTER RD BOW 03304
BRADFORD,ERICA GROSS,PO BOX 607 BRADFORD 03221,938-2288,Not Applicable,TC@BRADFORDNH.GOV,WWW.BRADFORDNH.ORG,8:00 AM - 7:00 PM,BRADFORD TOWN HALL 75 WEST MAIN ST BRADFORD 03221
BRENTWOOD,DAPHNE WOSS,1 DALTON ROAD BRENTWOOD 03833,642-6400,642-6310,TOWNCLERK@BRENTWOODNH.GOV,WWW.BRENTWOODNH.GOV,7:00 AM - 7:00 PM,SWASEY CENTRAL SCHOOL 355 MIDDLE RD BRENTWOOD 03833
BRIDGEWATER,COLLEEN MARIE KENNY,PO BOX 419 BRIDGEWATER 03264,968-7911,968-3506,BRIDGEWATERTOWNCLERK1@GMAIL.COM,WWW.BRIDGEWATER-NH.COM,11:00 AM - 7:00 PM,BRIDGEWATER TOWN HALL 297 MAYHEW TPKE BRIDGEWATER 03222
BRISTOL,CHERYL A HERBERT,5 SCHOOL ST BRISTOL 03222,744-3354,744-2521,CHERBERT@BRISTOLNH.GOV,BRISTOLNH.GOV,8:00 AM - 7:00 PM,NEWFOUND REGIONAL HIGH SCHOOL 150 SUMMER ST BRISTOL 03222
BROOKFIELD,KAREN E SERVACEK,223 GOVERNORS RD BROOKFIELD 03872,522-3688,Not Applicable,TOWNCLERK@BROOKFIELDNH.ORG,WWW.BROOKFIELDNH.GOV,8:00 AM - 7:00PM,BROOKFIELD TOWN HOUSE 267 WENTWORTH RD BROOKFIELD 03872
BROOKLINE,PATRICIA A HOWARD-BARNETT,PO BOX 336 BROOKLINE 03033,673-8855,Not Applicable,PATTI@BROOKLINENH.GOV,HTTP://WWW.BROOKLINENH.GOV/,7:00 AM - 7:30 PM,CAPTAIN SAMUEL DOUGLAS ACADEMY 24 TOWNSEND HILL RD BROOKLINE 03033
CAMBRIDGE,DONNA M DEMERS,PO BOX 100 CAMBRIDGE 03579,482-3351,482-3804,ERROLTOWNCLERK@GMAIL.COM,ERROLTOWNCLERK@GMAIL.COM,11:00 AM - 7:00 PM,ERROL TOWN HALL 33 MAIN ST CAMBRIDGE 03579
CAMPTON,HANNAH B JOYCE,10 GEARTY WAY CAMPTON 03223,726-3223,726-9817,TCTX@CAMPTONNH.GOV,WWW.CAMPTONNH.ORG,8:00 AM - 7:00 PM,CAMPTON MUNICIPAL BUILDING 12 GEARTY WAY CAMPTON 03223
CANAAN,ANN M LABRIE,PO BOX 38 CANAAN 03741,523-4501,523-4526,ALABRIE@CANAANNH.ORG,WWW.CANAANNH.ORG,8:00 AM - 7:00 PM,CANAAN FIRE STATION 62 NH RT 118 CANAAN 03741
CANDIA,TRACEY BOUCHER,74 HIGH STREET CANDIA 03034,483-5573,483-0252,TOWNCLERK@TOWNOFCANDIA.ORG,WWW.CANDIANH.ORG,6:00 AM - 7:00 PM,CANDIA YOUTH ATHLETIC ASSOCIATION (CYAA) 27 RAYMOND RD CANDIA 03034
CANTERBURY,SAMUEL JEAN PETER PAPPS,PO BOX 500 CANTERBURY 03224,783-0153,783-0501,SPAPPS@CANTERBURYNH.GOV,WWW.CANTERBURYNH.GOV,7:00 AM - 7:00 PM,CANTERBURY ELEMENTARY SCHOOL 15 BAPTIST RD CANTERBURY 03224
CANTERBURY,SAMUEL JEAN PETER PAPPS,PO BOX 500 CANTERBURY 03224,783-0153,783-0501,SPAPPS@CANTERBURYNH.GOV,WWW.CANTERBURYNH.GOV,7:00 AM - 7:00 PM,OLD TOWN HALL 2 OLD TILTON RD CANTERBURY 03224
CARROLL,CRYSTAL B BAILEY,PO BOX 88 CARROLL 03595,846-5494,846-5713,TOWNCLERK@TOWNOFCARROLLNH.GOV,CARROLLNH.GOV,8:00 AM - 7:00 PM,CARROLL TOWN HALL 92 SCHOOL ST CARROLL 03595
CENTER HARBOR,AMY HORNKOHL,PO BOX 140 CENTER HARBOR 03226,253-4561,253-8420,TOWNCLERK@CENTERHARBORNH.GOV,WWW.CENTERHARBORNH.GOV,8:00 AM - 7:00 PM,CENTER HARBOR TOWN OFFICE 36 MAIN ST CENTER HARBOR 03226
CHANDLERS PURCHASE,CHRISTINA ZORNIO,20 PARK ST CHANDLERS PURCHASE 03581,446-2744,466-2744,CZORNIO@GORHAMNH.ORG,Not Applicable,Not Applicable,GORHAM TOWN HALL 20 PARK ST GORHAM - FOR POLLING LOCATION ONLY CHANDLERS PURCHASE 03581
CHARLESTOWN,PATRICIA E CHAFFEE,P O BOX 834 CHARLESTOWN 03603,826-5821,826-5181,PATRICIA@CHARLESTOWN-NH.GOV,WWW.CHARLESTOWN-NH.GOV,8:00 AM - 7:00 PM,CHARLESTOWN SENIOR CENTER 233 OLD SPRINGFIELD RD CHARLESTOWN 03603
CHATHAM,PATRICIA PITMAN,1071 MAIN ROAD CHATHAM 03813,694-2117,Not Applicable,TOWNCLERK@CHATHAMNH.ORG,CHATHAMNH.ORG,06:30 PM - 8:00 PM,CHATHAM TOWN HALL 1071 MAIN RD CHATHAM 03813
CHESTER,JUSTINE M CELENTANO,84 CHESTER STREET CHESTER 03036,887-3636,Not Applicable,JCELENTANO@CHESTERNH.ORG,WWW.CHESTERNH.ORG,7:00 AM - 7:00 PM,CHESTER MUNICIPAL OFFICE 84 CHESTER ST CHESTER 03036
CHESTERFIELD,MARY EWELL,PO BOX 64 CHESTERFIELD 03443,363-8071,363-8047,TOWNCLERK@NHCHESTERFIELD.COM,WWW.CHESTERFIELD.NH.GOV,10:00 AM - 7:00 PM,CHESTERFIELD SCHOOL 535 OLD CHESTERFIELD RD CHESTERFIELD 03443
CHESTERFIELD,MARY EWELL,PO BOX 64 CHESTERFIELD 03443,363-8071,363-8047,TOWNCLERK@NHCHESTERFIELD.COM,WWW.CHESTERFIELD.NH.GOV,10:00 AM - 7:00 PM,CHESTERFIELD TOWN HALL 522 ROUTE 63 CHESTERFIELD 03443
CHICHESTER,BONNIE POTTER,54 MAIN STREET CHICHESTER 03258,798-5350,798-3170,TOWNCLERK@CHICHESTERNH.ORG,WWW.CHICHESTERNH.ORG,10:00 AM - 7:00 PM,CHICHESTER CENTRAL SCHOOL 219 MAIN ST CHICHESTER 03258
CLAREMONT WARD 01,GWENDOLYN R MELCHER,58 OPERA HOUSE SQ CLAREMONT 03743,542-7003,542-7038,CITYCLERK@CLAREMONTNH.COM,WWW.CLAREMONTNH.COM,8:00 AM - 7:00 PM,CLAREMONT MIDDLE SCHOOL 107 SOUTH ST CLAREMONT 03743
CLAREMONT WARD 02,GWENDOLYN R MELCHER,58 OPERA HOUSE SQ CLAREMONT 03743,542-7003,542-7038,CITYCLERK@CLAREMONTNH.COM,WWW.CLAREMONTNH.COM,8:00 AM - 7:00 PM,CLAREMONT MIDDLE SCHOOL 107 SOUTH ST CLAREMONT 03743
CLAREMONT WARD 03,GWENDOLYN R MELCHER,58 OPERA HOUSE SQ CLAREMONT 03743,542-7003,542-7038,CITYCLERK@CLAREMONTNH.COM,WWW.CLAREMONTNH.COM,8:00 AM - 7:00 PM,DISNARD ELEMENTARY SCHOOL 160 HANOVER ST CLAREMONT 03743
CLARKSVILLE,KIMBERLY A JOYCE,408 NH ROUTE 145 CLARKSVILLE 03592,246-7751,246-3480,KIM@CLARKSVILLE.NH.GOV,TWNCLARK@YAHOO.COM,11:30 AM - 5:30 PM,CLARKSVILLE TOWN HALL 408 NH RT 145 CLARKSVILLE 03592
COLEBROOK,JOLENE MARIE MARTUNAS,17 BRIDGE STREET COLEBROOK 03576,237-5200,237-5069,JMARTUNAS@COLEBROOKNH.ORG,HTTPS://COLEBROOKNH.ORG,8:00 AM - 6:00 PM,COLEBROOK ELEMENTARY SCHOOL GYM 27 DUMONT ST COLEBROOK 03576
COLUMBIA,MARCIA LYNN PARKHURST,PO BOX 157 COLUMBIA 03576,237-5255,237-8270,TOWNCLERK@COLUMBIANH.ORG,TOWNCOLUMBIA@MYFAIRPOINT.NET,11:00 AM - 6:00 PM,COLUMBIA TOWN HALL 1919 US ROUTE 3 COLUMBIA 03576
CONCORD WARD 01,JANICE L BONENFANT,41 GREEN ST CONCORD 03301,225-8500,225-8592,CITYCLERK@CONCORDNH.GOV,WWW.CONCORDNH.GOV,7:00 AM - 7:00 PM,MERRIMACK VALLEY HIGH SCHOOL GYMNASIUM 106 VILLAGE ST CONCORD 03303
CONCORD WARD 02,JANICE L BONENFANT,41 GREEN ST CONCORD 03301,225-8500,225-8592,CITYCLERK@CONCORDNH.GOV,WWW.CONCORDNH.GOV,7:00 AM - 7:00 PM,THE BARN AT BULL MEADOW 63 BOG RD CONCORD 03303
CONCORD WARD 03,JANICE L BONENFANT,41 GREEN ST CONCORD 03301,225-8500,225-8592,CITYCLERK@CONCORDNH.GOV,WWW.CONCORDNH.GOV,7:00 AM - 7:00 PM,BEAVER MEADOW SCHOOL 40 SEWALLS FALLS RD CONCORD 03301
CONCORD WARD 04,JANICE L BONENFANT,41 GREEN ST CONCORD 03301,225-8500,225-8592,CITYCLERK@CONCORDNH.GOV,WWW.CONCORDNH.GOV,7:00 AM - 7:00 PM,GREEN STREET COMMUNITY CENTER 39 GREEN ST CONCORD 03301
CONCORD WARD 05,JANICE L BONENFANT,41 GREEN ST CONCORD 03301,225-8500,225-8592,CITYCLERK@CONCORDNH.GOV,WWW.CONCORDNH.GOV,7:00 AM - 7:00 PM,CHRISTA MCAULIFFE SCHOOL 17 NORTH SPRING ST CONCORD 03301
CONCORD WARD 06,JANICE L BONENFANT,41 GREEN ST CONCORD 03301,225-8500,225-8592,CITYCLERK@CONCORDNH.GOV,WWW.CONCORDNH.GOV,7:00 AM - 7:00 PM,CHRIST THE KING PARISH HALL 72 SOUTH MAIN ST CONCORD 03301
CONCORD WARD 07,JANICE L BONENFANT,41 GREEN ST CONCORD 03301,225-8500,225-8592,CITYCLERK@CONCORDNH.GOV,WWW.CONCORDNH.GOV,7:00 AM - 7:00 PM,ABBOT DOWNING ELEMENTARY SCHOOL 152 SOUTH ST CONCORD 03301
CONCORD WARD 08,JANICE L BONENFANT,41 GREEN ST CONCORD 03301,225-8500,225-8592,CITYCLERK@CONCORDNH.GOV,WWW.CONCORDNH.GOV,7:00 AM - 7:00 PM,BEKTASH TEMPLE 189 PEMBROKE RD CONCORD 03301
CONCORD WARD 09,JANICE L BONENFANT,41 GREEN ST CONCORD 03301,225-8500,225-8592,CITYCLERK@CONCORDNH.GOV,WWW.CONCORDNH.GOV,07:00 AM - 07:00 PM,CITYWIDE COMMUNITY CENTER 14 CANTERBURY RD CONCORD 03301
CONCORD WARD 10,JANICE L BONENFANT,41 GREEN ST CONCORD 03301,225-8500,225-8592,CITYCLERK@CONCORDNH.GOV,WWW.CONCORDNH.GOV,7:00 AM - 7:00 PM,BROKEN GROUND SCHOOL 51 SOUTH CURTISVILLE RD CONCORD 03301
CONWAY,LOUISE MARIE INKELL,PO BOX 2680 CONWAY 03818,447-3811,447-1348,LINKELL@CONWAYNH.ORG,WWW.CONWAYNH.ORG,8:00 AM - 7:00 PM,CONWAY TOWN GARAGE/PUBLIC WORKS GARAGE 1611 EAST MAIN ST CONWAY 03813
CORNISH,PAULA HARTHAN,PO BOX 183 CORNISH 03746,675-5207,675-5605,P.HARTHAN.CLERK@CORNISH.NH.GOV,WWW.CORNISHNH.NET,10:00 AM - 07:00 PM,CORNISH ELEMENTARY SCHOOL 274 TOWN HOUSE RD CORNISH 03745
CORNISH,PAULA HARTHAN,PO BOX 183 CORNISH 03746,675-5207,675-5605,P.HARTHAN.CLERK@CORNISH.NH.GOV,WWW.CORNISHNH.NET,10:00 AM - 07:00 PM,CORNISH TOWN HALL 294 TOWN HOUSE RD CORNISH 03745
CRAWFORD'S PURCHASE,CHRISTINA ZORNIO,20 PARK ST CRAWFORD'S PURCHASE 03581,466-2744,466-2744,CZORNIO@GORHAMNH.ORG,Not Applicable,Not Applicable,GORHAM TOWN HALL 20 PARK ST GORHAM - FOR POLLING LOCATION ONLY CRAWFORD'S PURCHASE 03581
CROYDON,PAUL MICHAEL FREITAS,879 NH RT 10 CROYDON 03773,863-7830,Not Applicable,TOWNCLERK@CROYDON-NH.COM,WWW.CROYDON-NH.COM,11:00 AM - 7:00 PM,CROYDON TOWN HALL 879 NH ROUTE 10 CROYDON 03773
CUTT'S GRANT,CHRISTINA ZORNIO,20 PARK ST CUTT'S GRANT 03581,466-2744,466-2744,CZORNIO@GORHAMNH.ORG,Not Applicable,Not Applicable,GORHAM TOWN HALL 20 PARK ST GORHAM - FOR POLLING LOCATION ONLY CUTT'S GRANT 03581
DALTON,JEANETTE TERESA CHARON,756 DALTON ROAD DALTON 03598,837-2092,837-9642,TOWN.CLERK@TOWNOFDALTON.COM,WWW.TOWNOFDALTONNH.GOV,8:00 AM - 7:00 PM,DALTON MUNICIPAL BUILDING 756 DALTON RD DALTON 03598
DANBURY,TRICIA J TAYLOR,23 HIGH STREET DANBURY 03230,768-5448,768-5448,CLERK@DANBURYNH.GOV,WWW.TOWNOFDANBURYNH.COM,11:00 AM - 7:00 PM,DANBURY TOWN HALL 23 HIGH ST DANBURY 03230
DANVILLE,MICHELLE HEALY,210 MAIN STREET DANVILLE 03819,382-8253,Not Applicable,MHEALY@TOWNOFDANVILLE.ORG,WWW.TOWNOFDANVILLE.ORG,8:00 AM - 8:00 PM,DANVILLE COMMUNITY CENTER 169 MAIN ST DANVILLE 03819
DEERFIELD,KELLY ROBERTS,PO BOX 159 DEERFIELD 03037,463-8811,463-2820,TWN@DEERFIELDNH.GOV,WWW.TOWNOFDEERFIELDNH.COM,07:00 AM - 07:00 PM,DEERFIELD FAIRGROUNDS 34 STAGE RD DEERFIELD 03037
DEERFIELD,KELLY ROBERTS,PO BOX 159 DEERFIELD 03037,463-8811,463-2820,TWN@DEERFIELDNH.GOV,WWW.TOWNOFDEERFIELDNH.COM,07:00 AM - 07:00 PM,TOWN HALL 10 CHURCH ST DEERFIELD 03037
DEERING,ANNETTE M POLAND,762 DEERING CENTER ROAD DEERING 03244,464-3224,Not Applicable,TOWNCLERK@DEERINGNH.GOV,WWW.DEERING.NH.US,8:00 AM - 7:00 PM,DEERING TOWN HALL 762 DEERING CENTER RD DEERING 03244
DERRY WARD 01,CRISTINA GUILFORD,14 MANNING STREET DERRY 03038,432-6105,432-8176,TOWNCLERK@DERRYNH.GOV,WWW.DERRYNH.GOV,7:00 AM - 8:00 PM,PINKERTON ACADEMY (DIST 1) 5 PINKERTON (DIST 1) ST DERRY 03038
DERRY WARD 02,CRISTINA GUILFORD,14 MANNING STREET DERRY 03038,432-6105,432-8176,TOWNCLERK@DERRYNH.GOV,WWW.DERRYNH.GOV,7:00 AM - 8:00 PM,PINKERTON ACADEMY (DIST 2) 5 PINKERTON (DIST 2) ST DERRY 03038
DERRY WARD 03,CRISTINA GUILFORD,14 MANNING STREET DERRY 03038,432-6105,432-8176,TOWNCLERK@DERRYNH.GOV,WWW.DERRYNH.GOV,7:00 AM - 8:00 PM,PINKERTON ACADEMY (DIST 3) 5 PINKERTON (DIST 3) ST DERRY 03038
DERRY WARD 04,CRISTINA GUILFORD,14 MANNING STREET DERRY 03038,432-6105,432-8176,TOWNCLERK@DERRYNH.GOV,WWW.DERRYNH.GOV,7:00 AM - 8:00 PM,PINKERTON ACADEMY (DIST 4) 5 PINKERTON (DIST 4) ST DERRY 03038
DIX'S GRANT,DONNA M DEMERS,33 MAIN STREET DIX'S GRANT 03579,482-3351,482-5069,ERROLTOWNCLERK@GMAIL.COM,Not Applicable,3:00PM - 7:00PM,ERROL TOWN HALL 33 DUMONT ST DIX'S GRANT 03576
DIXVILLE,DEBORAH TILLOTSON,1 WILDERNESS ROAD DIXVILLE 03576,571-0069,Not Applicable,DEBTT@TANGO175.COM,Not Applicable,NOON - 1:00,TILLOTSON HOUSE 1 TILLOTSON RD RD DIXVILLE 03576
DORCHESTER,DARLENE E OAKS,1021 NH RTE 118 DORCHESTER 03266,786-9476,786-9476,TCTC.DORCHESTER@GMAIL.COM,TOWNOFDORCHESTER.NET,11:00 AM - 7:00 PM,DORCHESTER TOWN HOUSE 24 TOWN HOUSE RD DORCHESTER 03266
DOVER WARD 01,JERRICA ANN VANSYLYVONG-BIZIER,288 CENTRAL AVE DOVER 03820,516-6018,516-6666,J.BIZIER@DOVER.NH.GOV,WWW.DOVER.NH.GOV,7:00 AM - 7:00 PM,FRANCES G HOPKINS ELEMENTARY SCHOOL 78 HORNE ST DOVER 03820
DOVER WARD 02,JERRICA ANN VANSYLYVONG-BIZIER,288 CENTRAL AVE DOVER 03820,516-6018,516-6666,J.BIZIER@DOVER.NH.GOV,WWW.DOVER.NH.GOV,7:00 AM - 7:00 PM,DOVER ICE ARENA 110 PORTLAND AVE DOVER 03820
DOVER WARD 03,JERRICA ANN VANSYLYVONG-BIZIER,288 CENTRAL AVE DOVER 03820,516-6018,516-6666,J.BIZIER@DOVER.NH.GOV,WWW.DOVER.NH.GOV,7:00 AM - 7:00 PM,WOODMAN PARK ELEMENTARY SCHOOL 11 TOWLE AVE DOVER 03820
DOVER WARD 04,JERRICA ANN VANSYLYVONG-BIZIER,288 CENTRAL AVE DOVER 03820,516-6018,516-6666,J.BIZIER@DOVER.NH.GOV,WWW.DOVER.NH.GOV,7:00 AM - 7:00 PM,GARRISON ELEMENTARY SCHOOL 50 GARRISON RD DOVER 03820
DOVER WARD 05,JERRICA ANN VANSYLYVONG-BIZIER,288 CENTRAL AVE DOVER 03820,516-6018,516-6666,J.BIZIER@DOVER.NH.GOV,WWW.DOVER.NH.GOV,7:00 AM - 7:00 PM,DOVER MIDDLE SCHOOL 16 DALEY DR DOVER 03820
DOVER WARD 06,JERRICA ANN VANSYLYVONG-BIZIER,288 CENTRAL AVE DOVER 03820,516-6018,516-6666,J.BIZIER@DOVER.NH.GOV,WWW.DOVER.NH.GOV,7:00 AM - 7:00 PM,HELLENIC CENTER 219 LONG HILL RD DOVER 03820
DUBLIN,SARAH WHITNEY WILCOX,Po Box 62 DUBLIN 03444,563-8859,563-9221,TOWNCLERK@TOWNOFDUBLIN.ORG,WWW.TOWNOFDUBLIN.ORG,8:00 AM - 7:00 PM,DUBLIN TOWN HALL 1120 MAIN ST DUBLIN 03444
DUMMER,JUDY MARCOU,75 HILL ROAD DUMMER 03588,449-2006,Not Applicable,DUMMERTOWNCLERK@GMAIL.COM,WWW.DUMMERTOWNCLERK@GMAIL.COM,11:00 AM - 7:00 PM,DUMMER TOWN HALL 75 HILL RD DUMMER 03588
DUNBARTON,JENNIFER P CORMIER,1011 SCHOOL STREET DUNBARTON 03046,774-3547,Not Applicable,TOWNCLERK@DUNBARTONNH.ORG,DUNBARTONNH.ORG,7:00 AM - 7:00 PM,NOYES COMMUNITY CENTER 20 ROBERT ROGERS RD DUNBARTON 03046
DURHAM,RACHEL DEANE,8 NEWMARKET ROAD DURHAM 03824,868-5577,868-1858,rdeane@ci.durham.nh.us,HTTP://WWW.CI.DURHAM.NH.US,7:00 AM - 7:00 PM,OYSTER RIVER HIGH SCHOOL 55 COE DR DURHAM 03824
EAST KINGSTON,SHELBY ANN BRINKERHOFF,PO BOX 249 EAST KINGSTON 03827,642-8406,642-4918,SBRINKERHOFF@EASTKINGSTONNH.GOV,WWW.EKNH.ORG,8:00 AM - 7:00 PM,EAST KINGSTON ELEMENTARY SCHOOL (MULTI-PURPOSE ROOM) 5 ANDREWS LN EAST KINGSTON 03827
EASTON,CLAIRE CATHERINE MEI,1060 EASTON VALLEY ROAD EASTON 03580,823-8017,823-7780,TOWNCLERK@EASTONNH.GOV,HTTPS://WWW.EASTONNH.GOV/,3:00 PM - 6:00 PM,EASTON TOWN HALL 1060 EASTON VALLEY RD EASTON 03580
EATON,ROBIN WILLIS NUCCIO,PO BOX 117 EATON 03832,447-2840,447-2560,EATONNHTC@GMAIL.COM,EATONNH.ORG,11:00 AM - 6:00 PM,EVANS MEMORIAL BLDG - EATON TOWN HALL 83 BROWNFIELD RD EATON 03849
EFFINGHAM,ANDREA HOOD,68 SCHOOL STREET EFFINGHAM 03882,539-7551,Not Applicable,TOWNCLERK@EFFINGHAM.NH.GOV,HTTPS://WWW.EFFINGHAMNH.NET/,11:00 AM - 7:00 PM,EFFINGHAM ELEMENTARY SCHOOL 6 PARTRIDGE COVE RD EFFINGHAM 03882
ELLSWORTH,DONNA MARIE O'BRIEN,3 ELLSWORTH POND RD ELLSWORTH 03223,726-3551,Not Applicable,DOBELLSWORTH@GMAIL.COM,NONE AVAILABLE,Not Applicable,ELLSWORTH TOWN HALL 3 ELLSWORTH POND RD ELLSWORTH 03223
ENFIELD,WENDY H HUNTLEY,PO BOX 373 ENFIELD 03748,632-5001,632-5182,WHUNTLEY@ENFIELDNH.GOV,WWW.ENFIELDNH.GOV,8:00 AM - 7:00 PM,COMMUNITY BUILDING 308 US ROUTE 4 ENFIELD 03748
EPPING,ERIKA LEIGH PETHIC-ROBINSON,157 MAIN ST EPPING 03042,679-1492,679-3002,CLERKANDTAX@EPPINGNH.GOV,EPPINGNH.GOV,7:00 AM - 7:00 PM,EPPING HIGH SCHOOL 33 PRESCOTT RD EPPING 03042
EPSOM,MARGOT M KEYES,1598 DOVER ROAD EPSOM 03234,736-4825,Not Applicable,TOWNCLERK@EPSOMNH.GOV,WWW.EPSOMNH.ORG,7:30AM - 7:00PM,EPSOM BIBLE CHURCH 398 BLACK HALL RD EPSOM 03234
ERROL,DONNA M DEMERS,PO BOX 100 ERROL 03579,482-3351,482-3804,ERROLTOWNCLERK@GMAIL.COM,WWW.ERROLNH.ORG,11:00 AM - 7:00 PM,ERROL TOWN HALL 33 MAIN ST ERROL 03579
ERVING'S LOCATION,MARCIA LYNN PARKHURST,1679 US Rte 3 ERVING'S LOCATION 03576,237-5255,237-8270,towncolumbia@myfairpoint.net,COLUMBIANH.ORG,Not Applicable,COLUMBIA TOWN HALL 1919 US ROUTE 3 ERVING'S LOCATION 03576
EXETER,JENNIFER L SHUPE,10 FRONT STREET EXETER 03833,773-6105,418-6424,JLSHUPE@EXETERNH.GOV,WWW.EXETERNH.GOV,7:00 AM - 8:00 PM,TALBOT GYM 30 LINDEN ST EXETER 03833
FARMINGTON WARD 01,SAMUEL S JEROME,356 MAIN STREET FARMINGTON 03835,755-3657,755-9934,TCTC@FARMINGTON.NH.US,WWW.FARMINGTON.NH.US,8:00 AM - 7:00 PM,FARMINGTON TOWN HALL GYMNASIUM 531 MAIN ST FARMINGTON 03835
FITZWILLIAM,HEIDI L WOOD,PO BOX 725 FITZWILLIAM 03447,585-7214,585-7744,FITZCLERK@FITZWILLIAM-NH.GOV,WWW.FITZWILLIAM-NH.GOV,11:00 AM - 7:00 PM,FITZWILLIAM TOWN HALL 13 TEMPLETON TPKE FITZWILLIAM 03447
FRANCESTOWN,PAMELA A FINNELL,27 MAIN STREET FRANCESTOWN 03043,547-6251,547-2622,CLERKANDTAX@FRANCESTOWNNH.ORG,WWW.FRANCESTOWNNH.ORG,10:00 AM - 7:00 PM,TOWN HALL 2 NEW BOSTON RD FRANCESTOWN 03043
FRANCONIA,CAROL FRANCES WILLS,PO BOX 900 FRANCONIA 03580,823-5237,823-5581,TOWNCLERK@FRANCONIANH.GOV,WWW.FRANCONIANH.ORG,1:00 - 8:00,FRANCONIA TOWN HALL 421 MAIN ST FRANCONIA 03580
FRANCONIA,CAROL FRANCES WILLS,PO BOX 900 FRANCONIA 03580,823-5237,823-5581,TOWNCLERK@FRANCONIANH.GOV,WWW.FRANCONIANH.ORG,1:00PM - 7:00PM,LAFAYETTE REGIONAL SCHOOL 149 MAIN ST FRANCONIA 03580
FRANKLIN WARD 01,MICHELLE STANYAN,316 CENTRAL STREET FRANKLIN 03235,934-3109,934-7413,MSTANYAN@FRANKLINNH.GOV,WWW.FRANKLINNH.GOV,8:00 AM - 7:00 PM,FRANKLIN ELKS 125 SOUTH MAIN ST FRANKLIN 03235
FRANKLIN WARD 02,MICHELLE STANYAN,316 CENTRAL STREET FRANKLIN 03235,934-3109,934-7413,MSTANYAN@FRANKLINNH.GOV,WWW.FRANKLINNH.GOV,8:00 AM - 7:00 PM,FRANKLIN HIGH SCHOOL 115 CENTRAL ST FRANKLIN 03235
FRANKLIN WARD 03,MICHELLE STANYAN,316 CENTRAL STREET FRANKLIN 03235,934-3109,934-7413,MSTANYAN@FRANKLINNH.GOV,WWW.FRANKLINNH.GOV,8:00 AM - 7:00 PM,FRANKLIN MIDDLE SCHOOL 200 SANBORN ST FRANKLIN 03235
FREEDOM,A ELIZABETH PRIEBE,PO BOX 457 FREEDOM 03836,539-8269,539-8270,FREEDOMTOWNCLERK@TOWNOFFREEDOMNH.GOV,WWW.TOWNOFFREEDOMNH.GOV,9:00 AM - 7:00 PM,FREEDOM TOWN HALL 16 ELM ST FREEDOM 03836
FREMONT,DEBORAH A CAPUTO,PO BOX 120 FREMONT 03044,895-8693,895-3149,CLERKCOLLECTOR@FREMONT.NH.GOV,WWW.FREMONT.NH.GOV,7:00 AM - 8:00 PM,ELLIS SCHOOL 432 MAIN ST FREMONT 03044
GILFORD,DANIELLE LAFOND,47 CHERRY VALLEY RD GILFORD 03249,527-4713,527-4719,DLAFOND@GILFORDNH.GOV,HTTP://WWW.GILFORDNH.GOV,7:00 AM - 7:00PM,GILFORD COMMUNITY CHURCH 19 POTTER HILL RD GILFORD 03249
GILMANTON,ELISE N SMITH,PO BOX 550 GILMANTON 03237,267-6726,267-6701,TCTX@GILMANTONNH.GOV,WWW.GILMANTONNH.GOV,7:00 AM - 7:00 PM,GILMANTON ACADEMY BUILDING 503 PROVINCE RD GILMANTON 03237
GILSUM,DEBRA REILLY,650 NH Route 10 GILSUM 03448,357-0320,Not Applicable,TOWNCLERK@GILSUM-NH.GOV,HTTPS://GILSUM-NH.GOV/,1:00 PM - 6:00 PM,GILSUM COMMUNITY CENTER 640 ROUTE 10 GILSUM 03448
GOFFSTOWN WARD 01,JENNIFER E SULLIVAN,16 MAIN STREET GOFFSTOWN 03045,497-8990,497-5710,JSULLIVAN@GOFFSTOWNNH.GOV,WWW.GOFFSTOWNNH.GOV,7:00 AM - 7:00 PM,GOFFSTOWN HIGH SCHOOL 27 WALLACE RD GOFFSTOWN 03045
GOFFSTOWN WARD 05,JENNIFER E SULLIVAN,16 MAIN STREET GOFFSTOWN 03045,497-8990,497-5710,JSULLIVAN@GOFFSTOWNNH.GOV,WWW.GOFFSTOWNNH.GOV,7:00 - 7:00 PM,BARTLETT ELEMENTARY SCHOOL 689 MAST RD GOFFSTOWN 03102
GORHAM,SUSAN VALLIERE,20 PARK STREET GORHAM 03581,466-9434,Not Applicable,SVALLIERE@GORHAMNH.GOV,WWW.GORHAMNH.GOV,10:00 AM - 6:00 PM,GORHAM TOWN HALL 20 PARK ST GORHAM 03581
GOSHEN,CINDY L WILLIAMS,PO BOX 58 GOSHEN 03752,863-5655,863-6139,TOWNOFGOSHEN@GOSHENNH.ORG,WWW.GOSHENNH.ORG,8:00 AM - 7:00 PM,GOSHEN TOWN HALL 54 MILL VILLAGE RD N GOSHEN 03752
GRAFTON,BONNIE J HAUBRICH,PO BOX 277 GRAFTON 03240,523-7270,523-4986,GRAFTONTC2008@HOTMAIL.COM,WWW.TOWNOFGRAFTONNH.COM,8:00 AM - 7:00 PM,GRAFTON FIRE AND AMBULANCE STATION 5 LIBRARY RD GRAFTON 03240
GRANTHAM,KENNETH BYRD STORY,PO BOX 135 GRANTHAM 03753,863-5608,863-4499,kstory@granthamnh.gov,WWW.GRANTHAMNH.GOV,10:00 AM - 7:00 PM,GRANTHAM TOWN HALL 300 ROUTE 10 S GRANTHAM 03753
GREENFIELD,DORENE E ADAMS,PO BOX 256 GREENFIELD 03047,547-2782,Not Applicable,TOWNCLERK@GREENFIELD-NH.GOV,WWW.GREENFIELD-NH.GOV,10:00 AM - 7:00 PM,GREENFIELD MEETING HOUSE 776 FOREST RD GREENFIELD 03047
GREENLAND,AMY KATHERINE BAUER,11 TOWN SQUARE GREENLAND 03840,431-7111,430-3761,ABAUER@GREENLAND.NH.GOV,WWW.GREENLAND.NH.GOV,8:00 AM - 7:00 PM,GREENLAND CENTRAL SCHOOL 70 POST RD GREENLAND 03840
GREEN'S GRANT,KAREN WILLHOITE,20 PARK STREET GREEN'S GRANT 03581,466-2744,466-2744,KWILLHOITE@GORHAMNH.GOV,WWW.GORHAMNH.GOV,Not Applicable,GORHAM TOWN HALL 20 PARK ST GREEN'S GRANT 03581
GREENVILLE,MELISSA DESROSIERS,46 MAIN ST GREENVILLE 03048,878-4155,878-4951,CLERK-COLLECTOR@COMCAST.NET,WWW.GREENVILLENH.ORG,8:00 AM - 7:00 PM,GREENVILLE ELEMENTARY SCHOOL 16 ADAMS ST GREENVILLE 03048
GROTON,RUTH ELAINE MILLETT,754 NORTH GROTON ROAD GROTON 03241,744-8849,744-8803,TOWNCLERK@GROTONNH.ORG,GROTONNH.ORG,11:00 AM - 7:00 PM,GROTON TOWN HOUSE 754 N GROTON RD GROTON 03241
HADLEY'S PURCHASE,CHRISTINA ZORNIO,20 PARK ST HADLEY'S PURCHASE,466-2744,466-2744,CZORNIO@GORHAMNH.ORG,Not Applicable,Not Applicable,GORHAM TOWN HALL 20 PARK ST GORHAM - FOR POLLING LOCATION ONLY HADLEY'S PURCHASE 03581
HAMPSTEAD,PATRICIA CURRAN,PO BOX 298 HAMPSTEAD 03841,329-4100,Not Applicable,TOWNCLERK@HAMPSTEADNH.US,WWW.HAMPSTEADNH.US,8:00 AM - 8:00 PM,HAMPSTEAD MIDDLE SCHOOL 28 SCHOOL ST HAMPSTEAD 03841
HAMPTON,CHERYL ANN HILDRETH,100 WINNACUNNET ROAD HAMPTON 03842,926-0406,929-5917,TOWNCLERK@HAMPTONNH.GOV,HAMPTONNH.GOV,7:00 AM - 8:00 PM,WINNACUNNET HIGH SCHOOL CAFETERIA 1 ALUMNI DR HAMPTON 03842
HAMPTON FALLS,STEPHANIE E GRANT,1 DRINKWATER ROAD HAMPTON FALLS 03844,926-4618,926-1848,TOWNCLERKCOLLECT@HAMPTONFALLS.ORG,WWW.HAMPTONFALLS.ORG,8:00 AM - 8:00 PM,LINCOLN AKERMAN SCHOOL 8 EXETER RD HAMPTON FALLS 03844
HANCOCK,JOAN JOSEPH,PO BOX 6 HANCOCK 03449,525-4441,525-4427,CLERK@HANCOCKNH.GOV,WWW.HANCOCKNH.ORG,08:00 AM - 07:00 PM,MEEETINGHOUSE 41 MAIN ST HANCOCK 03449
HANOVER,TRACY WALSH,PO BOX 483 HANOVER 03755,640-3200,643-1720,TOWNCLERK@HANOVERNH.ORG,WWW.HANOVERNH.ORG,07:00 AM - 07:00 PM,HANOVER HIGH SCHOOL 41 LEBANON ST HANOVER 03755
HARRISVILLE,CATHERINE LOVAS,PO BOX 284 HARRISVILLE 03450,827-5546,827-2917,TOWNCLERK@HARRISVILLENH.ORG,WWW.HARRISVILLENH.ORG,11:00 AM - 7:00 PM,TOWN OFFICES 705 CHESHAM RD HARRISVILLE 03450
HARRISVILLE,CATHERINE LOVAS,PO BOX 284 HARRISVILLE 03450,827-5546,827-2917,TOWNCLERK@HARRISVILLENH.ORG,WWW.HARRISVILLENH.ORG,11:00 AM - 7:00 PM,WELLS MEMORIAL SCHOOL 235 CHESHAM RD HARRISVILLE 03450
HART'S LOCATION,KATHLEEN LANDRY,PO BOX 540 HART'S LOCATION 03812,374-6397,Not Applicable,HARTSLOCATIONTC@GMAIL.COM,HARTSLOCATION.COM,11:00AM - 7:00PM,NOTCHLAND INN 2 MOREY RD HART'S LOCATION 03812
HAVERHILL,LINDSAY M JOHNK,2975 DARTMOUTH COLLEGE HWY HAVERHILL 03774,787-6200,787-2226,TOWNCLERK@HAVERHILL-NH.COM,WWW.HAVERHILL-NH.COM,8:00 AM - 6:00 PM,TOWN MUNICIPAL BUILDING 2975 DARTMOUTH COLLEGE HWY HAVERHILL 03774
HEBRON,TRACEY STEENBERGEN,PO BOX 55 HEBRON 03241,744-7999,744-5330,CLERK@HEBRONNH.GOV,HEBRONNH.GOV,11:00 AM - 7:00 PM,COMMUNITY HALL - BASEMENT OF UNION CONGREGATIONAL CHURCH 16 CHURCH LN HEBRON 03241
HEBRON,TRACEY STEENBERGEN,PO BOX 55 HEBRON 03241,744-7999,744-5330,CLERK@HEBRONNH.GOV,HEBRONNH.GOV,11:00 AM - 7:00 PM,PUBLIC SAFETY BUILDING 37 GROTON RD HEBRON 03241
HENNIKER,DEBORAH C AUCOIN,18 DEPOT HILL ROAD HENNIKER 03242,428-3240,428-4366,DEB.AUCOIN@HENNIKERNH.GOV,WWW.HENNIKER.ORG,7:00 AM - 7:00 PM,HENNIKER COMMUNITY SCHOOL 51 WESTERN AVE HENNIKER 03242
HILL,SHELLY J HENRY,30 CRESCENT STREET HILL 03243,934-3951,934-2011,HILLTWNCLK@COMCAST.NET,WWW.TOWNOFHILLNH.ORG,11:00AM - 7:00PM,HILL PUBLIC LIBRARY 30 CRESCENT ST HILL 03243
HILLSBOROUGH,DEBORAH J MCDONALD,PO BOX 1699 HILLSBOROUGH 03244,464-3877,464-4270,DEBBIE@HILLSBOROUGHNH.NET,WWW.TOWN.HILLSBOROUGH.NH.US,7:00 AM - 7:00 PM,HILLSBORO-DEERING MIDDLE SCHOOL AUDITORIUM 6 HILLCAT DR HILLSBOROUGH 03244
HINSDALE,JULIE M SEYMOUR,PO BOX 31 HINSDALE 03451,336-5719,336-5711,JSEYMOUR@HINSDALENH.ORG,WWW.TOWN.HINSDALE.NH.US,10:00 AM - 7:00 PM,MILLSTREAM COMMUNITY CENTER 19 MAIN ST HINSDALE 03451
HOLDERNESS,JAMI W WHITE-LYFORD,PO BOX 203 HOLDERNESS 03245,968-7536,968-9954,TCTC@HOLDERNESS-NH.GOV,WWW.HOLDERNESS-NH.GOV,10:00 AM - 7:00 PM,HOLDERNESS TOWN HALL 1089 US RT 3 HOLDERNESS 03245
HOLLIS,DIANE T LEAVITT,3 MARKETPLACE HOLLIS 03049,465-2064,Not Applicable,TOWNCLERK@HOLLISNH.ORG,WWW.HOLLISNH.ORG,07:00 AM - 07:00 PM,HOLLIS/BROOKLINE CO-OPERATIVE HIGH SCHOOL 24 CAVALIER CT HOLLIS 03049
HOLLIS,DIANE T LEAVITT,3 MARKETPLACE HOLLIS 03049,465-2064,Not Applicable,TOWNCLERK@HOLLISNH.ORG,WWW.HOLLISNH.ORG,7:00 AM - 7:00 PM,LAWRENCE BARN 28 DEPOT RD HOLLIS 03049
HOOKSETT,KARINA TOWNE,35 MAIN STREET HOOKSETT 03106,419-4004,419-4000,KTOWNE@HOOKSETT.GOV,WWW.HOOKSETT.GOV,6:00 AM - 7:00 AM,CAWLEY MIDDLE SCHOOL 89 WHITEHALL RD HOOKSETT 03106
HOPKINTON,EMILY A CERIELLO,330 MAIN ST HOPKINTON 03229,746-3180,Not Applicable,TCTC@HOPKINTON-NH.GOV,WWW.HOPKINTON-NH.GOV,7:00 AM - 7:00 PM,HOPKINTON HIGH SCHOOL 297 PARK AVE HOPKINTON 03229
HUDSON WARD 01,EMILIE LECLERC,12 SCHOOL STREET HUDSON 03051,816-1279,816-1292,ELECLERC@HUDSONNH.GOV,WWW.HUDSONNH.GOV,7:00 AM - 8:00 PM,HUDSON MEMORIAL SCHOOL 1 MEMORIAL DR HUDSON 03051
HUDSON WARD 02,EMILIE LECLERC,12 SCHOOL STREET HUDSON 03051,816-1279,816-1292,ELECLERC@HUDSONNH.GOV,WWW.HUDSONNH.GOV,7:00 AM - 8:00 PM,ALVIRNE HIGH SCHOOL 200 DERRY RD HUDSON 03051
JACKSON,KAREN ELIZABETH BURTON,PO BOX 336 JACKSON 03846,383-4223,383-6980,JXNTCTC@JACKSON-NH.GOV,WWW.JACKSON-NH.GOV,8:00 AM - 7:00 PM,WHITNEY COMMUNITY CENTER 16 BLACK MOUNTAIN RD JACKSON 03846
JAFFREY,KELLY ROLLINS,28 MAIN ST JAFFREY 03452,532-7861,532-7862,KROLLINS@TOWNOFJAFFREY.COM,WWW.TOWNOFJAFFREY.COM,7:00AM - 7:00PM,PRATT AUDITORIUM 10 CONANT WAY JAFFREY 03452
JEFFERSON,JENNIFER M KENISON,PO BOX 81 JEFFERSON 03583,586-7059,586-7102,TOWNCLERK@JEFFERSONNH.ORG,WWW.JEFFERSONNH.ORG,NOON - 8:00 PM,JEFFERSON COMMUNITY CENTER 178 MEADOWS RD JEFFERSON 03583
KEENE WARD 01,TERRI MARTIN HOOD,3 WASHINGTON STREET KEENE 03431,352-0133,283-5653,KEENEVOTES@KEENENH.GOV,WWW.KEENENH.GOV,8:00 AM - 7:00 PM,MICHAEL E.J. BLASTOS COMMUNITY ROOM 400 MARLBORO ST KEENE 03431
KEENE WARD 02,TERRI MARTIN HOOD,3 WASHINGTON STREET KEENE 03431,352-0133,283-5653,KEENEVOTES@KEENENH.GOV,WWW.KEENENH.GOV,8:00 AM - 7:00 PM,KEENE PARKS AND RECREATION CENTER 312 WASHINGTON ST KEENE 03431
KEENE WARD 03,TERRI MARTIN HOOD,3 WASHINGTON STREET KEENE 03431,352-0133,283-5653,KEENEVOTES@KEENENH.GOV,WWW.KEENENH.GOV,8:00 AM - 7:00 PM,KEENE MIDDLE SCHOOL 167 MAPLE AVE KEENE 03431
KEENE WARD 04,TERRI MARTIN HOOD,3 WASHINGTON STREET KEENE 03431,352-0133,283-5653,KEENEVOTES@KEENENH.GOV,WWW.KEENENH.GOV,8:00 AM - 7:00 PM,SYMONDS SCHOOL 79 PARK AVE KEENE 03431
KEENE WARD 05,TERRI MARTIN HOOD,3 WASHINGTON STREET KEENE 03431,352-0133,283-5653,KEENEVOTES@KEENENH.GOV,WWW.KEENENH.GOV,8:00 AM - 7:00 PM,MONADNOCK COVENANT CHURCH 90 BASE HILL RD KEENE 03431
KENSINGTON,SARAH WIGGIN,95 AMESBURY RD KENSINGTON 03833,772-5423,772-6841,TOWNCLERK@KENSINGTONNH.GOV,WWW.KENSINGTONNH.GOV,8:00 AM - 7:30 PM,KENSINGTON ELEMENTARY SCHOOL 122 AMESBURY RD KENSINGTON 03833
KILKENNY,JENNIFER MAE KENISON,178 MEADOWS ROAD KILKENNY 03583,586-7059,586-7102,TOWNCLERK@JEFFERSONNH.ORG,Not Applicable,12:00 PM - 8:00 PM,JEFFERSON COMMUNITY CENTER 178 MEADOWS RD JEFFERSON 03583
KINGSTON,TAMMY LOUISE BAKIE,163 main street KINGSTON 03848,642-3112,Not Applicable,TOWNCLERK@KINGSTONNH.ORG,WWW.KINGSTONNH.ORG,08:00AM - 08:00PM,SANBORN REGIONAL HIGH SCHOOL GYM 17 DANVILLE RD KINGSTON 03848
LACONIA WARD 01,KATIE GARGANO,PO BOX 489 LACONIA 03247,527-1265,524-1766,CITYCLERK@LACONIANH.GOV,WWW.LACONIANH.GOV,08:00 AM - 06:00 PM,CHURCH OF JESUS CHRIST LATTER DAY SAINTS 1244 OLD NORTH MAIN ST LACONIA 03246
LACONIA WARD 02,KATIE GARGANO,PO BOX 489 LACONIA 03247,527-1265,524-1766,CITYCLERK@LACONIANH.GOV,WWW.LACONIANH.GOV,08:00 AM - 6:00 PM,ST ANDRE BESSETTE PARISH HALL 31 GILFORD AVE LACONIA 03246
LACONIA WARD 03,KATIE GARGANO,PO BOX 489 LACONIA 03247,527-1265,524-1766,CITYCLERK@LACONIANH.GOV,WWW.LACONIANH.GOV,8:00AM - 6:00PM,LACONIA MIDDLE SCHOOL - MULTI-PURPOSE ROOM 150 MCGRATH ST LACONIA 03246
LACONIA WARD 04,KATIE GARGANO,PO BOX 489 LACONIA 03247,527-1265,524-1766,CITYCLERK@LACONIANH.GOV,WWW.LACONIANH.GOV,08:00 AM - 06:00 PM,NEW COVENANT CHURCH @ MEMORIAL PARK CLUBHOUSE 31 LINDSAY CT LACONIA 03246
LACONIA WARD 05,KATIE GARGANO,PO BOX 489 LACONIA 03247,527-1265,524-1766,CITYCLERK@LACONIANH.GOV,WWW.LACONIANH.GOV,08:00 AM - 06:00 PM,WOODLAND HEIGHTS ELEMENTARY SCHOOL 225 WINTER ST LACONIA 03246
LACONIA WARD 06,KATIE GARGANO,PO BOX 489 LACONIA 03247,527-1265,524-1766,CITYCLERK@LACONIANH.GOV,WWW.LACONIANH.GOV,08:00 AM - 06:00 PM,LEAVITT PARK CLUBHOUSE 334 ELM ST LACONIA 03246
LANCASTER,CHARITY M BAKER,25 MAIN STREET LANCASTER 03584,788-3391,Not Applicable,TOWNCLERK@LANCASTERNH.ORG,HTTPS://LANCASTERNH.ORG,8:00 AM - 7:00 PM,LANCASTER TOWN HALL AUDITORIUM 25 MAIN ST LANCASTER 03584
LANDAFF,CATHERINE A FERONY,12 CENTER HILL ROAD LANDAFF 03585,838-6220,Not Applicable,TOWNCLERK@LANDAFFNH.ORG,WWW.LANDAFFNH.ORG,11:00 AM - 7:00 PM,LANDAFF TOWN HALL 12 CENTER HILL RD LANDAFF 03585
LANGDON,KATHRYN R COMEAU,122 NH ROUTE 12A LANGDON 03602,835-2389,835-6055,LANGDONTOWNCLERK@GMAIL.COM,LANGDONNH.ORG/,10:00 AM - 7:00 PM,LANGDON MUNICIPAL BUILDING 122 NH ROUTE 12A LANGDON 03602
LEBANON WARD 01,JASEYA GIRONA EWING,51 NORTH PARK STREET LEBANON 03766,448-3054,Not Applicable,JASEYA.EWING@LEBANONNH.GOV,LEBANONNH.GOV,7:00 AM - 7:00 PM,SAU ADMINISTRATIVE BUILDING 20 SEMINARY HILL RD WEST LEBANON 03784
LEBANON WARD 02,JASEYA GIRONA EWING,51 NORTH PARK STREET LEBANON 03766,448-3054,Not Applicable,JASEYA.EWING@LEBANONNH.GOV,LEBANONNH.GOV,7:00 AM - 7:00 PM,UNITED METHODIST CHURCH OF LEBANON 18 SCHOOL ST LEBANON 03766
LEBANON WARD 03,JASEYA GIRONA EWING,51 NORTH PARK STREET LEBANON 03766,448-3054,Not Applicable,JASEYA.EWING@LEBANONNH.GOV,LEBANONNH.GOV,7:00 AM - 7:00 PM,CITY HALL COUNCIL CHAMBERS 51 NORTH PARK ST LEBANON 03766
LEE,SHANNON L JAMES-BROWN,249 CALEF HIGHWAY LEE 03861,659-2964,659-7202,SJAMESBROWN@LEENH.ORG,WWW.LEENH.ORG,7:00 AM - 7:00 PM,LEE SAFETY COMPLEX 20 GEORGE BENNETT RD LEE 03861
LEMPSTER,KAYLA M BREHIO,856 NH ROUTE 10 LEMPSTER 03605,863-3213,863-8105,TOWNCLERK@LEMPSTERNH.ORG,WWW.LEMPSTERNH.ORG,8:00AM - 7:00PM,MEETING HOUSE 112 LEMPSTER ST LEMPSTER 03605
LINCOLN,KRISTYN DAIGLE-BROPHY,PO BOX 39 LINCOLN 03251,745-8971,745-6743,TOWNCLERK@LINCOLNNH.GOV,WWW.LINCOLNNH.GOV,10:00AM - 6:00PM,LIN-WOOD PUBLIC SCHOOL 72 LINWOOD AVE LINCOLN 03251
LINCOLN,KRISTYN DAIGLE-BROPHY,PO BOX 39 LINCOLN 03251,745-8971,745-6743,TOWNCLERK@LINCOLNNH.GOV,WWW.LINCOLNNH.GOV,10:00 AM - 6:00 PM,LINCOLN TOWN HALL 148 MAIN ST LINCOLN 03251
LISBON,AUDREY CHAMPAGNE,153 South Main Street LISBON 03585,838-2862,912-2101,TOWNCLERK@LISBONNH.ORG,LISBONNH.ORG,12:00 PM - 7:00 PM,LISBON REGIONAL SCHOOL 25 HIGHLAND AVE LISBON 03585
LITCHFIELD,THERESA L BRIAND,2 LIBERTY WAY LITCHFIELD 03052,424-4045,424-3014,TBRIAND@LITCHFIELDNH.GOV,WWW.LITCHFIELDNH.GOV,7:00 AM - 7:00 PM,CAMPBELL HIGH SCHOOL 1 HIGHLANDER CT LITCHFIELD 03052
LITTLETON,ANGELA BROUSSEAU,"125 MAIN ST, SUITE 202 LITTLETON 03561",575-9163,444-0735,ABROUSSEAU@LITTLETONNH.GOV,WWW.TOWNOFLITTLETON.ORG,8:00 AM - 7:00 PM,LITTLETON HIGHWAY GARAGE 240 W MAIN ST LITTLETON 03561
LIVERMORE,KRISTYN DAIGLE-BROPHY,148 MAIN ST LIVERMORE 03251,745-8971,745-6743,TOWNCLERK@LINCOLNNH.GOV,Not Applicable,Not Applicable,LINCOLN TOWN HALL 148 MAIN STREET LINCOLN - FOR POLLING LOCATION ONLY LIVERMORE 03251
LONDONDERRY,SHARON ANN FARRELL,268 MAMMOTH RD LONDONDERRY 03053,432-1100,421-9617,SFARRELL@LONDONDERRYNH.ORG,WWW.LONDONDERRYNH.ORG,6:00 AM - 8:00 PM,LONDONDERRY HIGH SCHOOL GYM 295 MAMMOTH RD LONDONDERRY 03053
LOUDON,ASHLEY ELIZABETH SIMONDS,55 SOUTH VILLAGE RD LOUDON 03307,798-4542,798-3539,TOWNCLERK@LOUDONNH.ORG,WWW.LOUDONNH.ORG,7:00AM - 7:00PM,ARTHUR COLBY SAFTEY COMPLEX/ FIRE DEPARTMENT 8 COOPER ST LOUDON 03307
LOW & BURBANKS GRANT,CHRISTINA ZORNIO,20 PARK ST LOW & BURBANKS GRANT 03581,466-2744,466-2744,CZORNIO@GORHAMNH.ORG,Not Applicable,Not Applicable,GORHAM TOWN HALL 20 PARK ST GORHAM - FOR POLLING LOCATION ONLY LOW & BURBANKS GRANT 03581
LYMAN,BETHANY L CARIGNAN,65 PARKER HILL ROAD LYMAN 03585,838-6113,838-6818,LYMANTC@MYFAIRPOINT.NET,WWW.LYMANNH.ORG,11:00 AM - 6:00 PM,LYMAN TOWN HALL 65 PARKER HILL RD LYMAN 03585
LYME,EMILY SHEPARD,PO BOX 342 LYME 03768,795-2535,795-2117,TOWNCLERK@LYMENH.GOV,WWW.LYMENH.GOV,7:00 AM - 7:00 PM,LYME COMMUNITY GYMNASIUM 35 UNION ST LYME 03768
LYNDEBOROUGH,PATRICIA H SCHULTZ,9 CITIZENS HALL ROAD LYNDEBOROUGH 03082,654-5955,654-5777,TSCHULTZ@LYNDEBOROUGHNH.US,WWW.LYNDEBOROUGHNH.US,10:00 AM - 7:00 PM,CITIZENS' HALL 9 CITIZENS HALL RD LYNDEBOROUGH 03082
MADBURY,MORGAN R DAIGLE,13 TOWN HALL RD MADBURY 03823,742-5131,742-2505,TCMADBURY@COMCAST.NET,HTTP://WWW.MADBURY.GOV,11:00 AM - 7:00 PM,MADBURY TOWN HALL 13 TOWN HALL RD MADBURY 03823
MADISON,MICHAEL R BROOKS,PO BOX 248 MADISON 03849,367-9931,367-4765,CLERK@MADISON-NH.ORG,WWW.MADISON-NH.ORG,8:00 AM - 7:00 PM,MADISON ELEMENTARY SCHOOL GYM 2069 VILLAGE RD MADISON 03849
MANCHESTER WARD 01,MATTHEW NORMAND,1 CITY HALL PLAZA MANCHESTER 03101,624-6455,624-6481,ELECTIONS@MANCHESTERNH.GOV,WWW.MANCHESTERNH.GOV,6:00 AM - 7:00 PM,WEBSTER SCHOOL 2519 ELM ST MANCHESTER 03104
MANCHESTER WARD 02,MATTHEW NORMAND,1 CITY HALL PLAZA MANCHESTER 03101,624-6455,624-6481,ELECTIONS@MANCHESTERNH.GOV,WWW.MANCHESTERNH.GOV,6:00 AM - 7:00 PM,SMYTH ROAD SCHOOL 245 BRUCE RD MANCHESTER 03104
MANCHESTER WARD 03,MATTHEW NORMAND,1 CITY HALL PLAZA MANCHESTER 03101,624-6455,624-6481,ELECTIONS@MANCHESTERNH.GOV,WWW.MANCHESTERNH.GOV,6:00 AM - 7:00 PM,CAROL M. RINES CENTER 1528 ELM ST MANCHESTER 03101
MANCHESTER WARD 04,MATTHEW NORMAND,1 CITY HALL PLAZA MANCHESTER 03101,624-6455,624-6481,ELECTIONS@MANCHESTERNH.GOV,WWW.MANCHESTERNH.GOV,6:00 AM - 7:00 PM,MCDONOUGH SCHOOL 550 LOWELL ST MANCHESTER 03104
MANCHESTER WARD 05,MATTHEW NORMAND,1 CITY HALL PLAZA MANCHESTER 03101,624-6455,624-6481,ELECTIONS@MANCHESTERNH.GOV,WWW.MANCHESTERNH.GOV,6:00 AM - 7:00 PM,BEECH STREET SCHOOL 333 BEECH ST MANCHESTER 03103
MANCHESTER WARD 06,MATTHEW NORMAND,1 CITY HALL PLAZA MANCHESTER 03101,624-6455,624-6481,ELECTIONS@MANCHESTERNH.GOV,WWW.MANCHESTERNH.GOV,6:00 AM - 7:00 PM,MCLAUGHLIN MIDDLE SCHOOL 290 S MAMMOTH RD MANCHESTER 03109
MANCHESTER WARD 07,MATTHEW NORMAND,1 CITY HALL PLAZA MANCHESTER 03101,624-6455,624-6481,ELECTIONS@MANCHESTERNH.GOV,WWW.MANCHESTERNH.GOV,6:00 AM - 7:00 PM,CARDINAL LACROIX ACADEMY COMMUNITY CENTER 148 BELMONT ST MANCHESTER 03103
MANCHESTER WARD 08,MATTHEW NORMAND,1 CITY HALL PLAZA MANCHESTER 03101,624-6455,624-6481,ELECTIONS@MANCHESTERNH.GOV,WWW.MANCHESTERNH.GOV,6:00 AM - 7:00 PM,MEMORIAL HIGH SCHOOL 1 CRUSADER WAY MANCHESTER 03103
MANCHESTER WARD 09,MATTHEW NORMAND,1 CITY HALL PLAZA MANCHESTER 03101,624-6455,624-6481,ELECTIONS@MANCHESTERNH.GOV,WWW.MANCHESTERNH.GOV,6:00 AM - 7:00 PM,BISHOP LEO E. O'NEIL YOUTH CENTER 30 S ELM ST MANCHESTER 03103
MANCHESTER WARD 10,MATTHEW NORMAND,1 CITY HALL PLAZA MANCHESTER 03101,624-6455,624-6481,ELECTIONS@MANCHESTERNH.GOV,WWW.MANCHESTERNH.GOV,6:00 AM - 7:00 PM,PARKER VARNEY SCHOOL 223 JAMES A POLLOCK DR MANCHESTER 03102
MANCHESTER WARD 11,MATTHEW NORMAND,1 CITY HALL PLAZA MANCHESTER 03101,624-6455,624-6481,ELECTIONS@MANCHESTERNH.GOV,WWW.MANCHESTERNH.GOV,6:00 AM - 7:00 PM,GOSSLER SCHOOL 145 PARKSIDE AVE MANCHESTER 03102
MANCHESTER WARD 12,MATTHEW NORMAND,1 CITY HALL PLAZA MANCHESTER 03101,624-6455,624-6481,ELECTIONS@MANCHESTERNH.GOV,WWW.MANCHESTERNH.GOV,6:00 AM - 7:00 PM,NORTHWEST ELEMENTARY SCHOOL 300 YOUVILLE ST MANCHESTER 03102
MARLBOROUGH,KATHLEEN M CHAMBERLAIN,236 MAIN ST MARLBOROUGH 03455,876-4529,876-4703,TOWNCLERK@MARLBOROUGHNH.ORG,WWW.MARLBOROUGHNH.ORG,1:00 PM - 9:00 PM,MARLBOROUGH SCHOOL 41 FITCH CT MARLBOROUGH 03455
MARLOW,NICHOLE WILSON,167 NH RT 123 MARLOW 03456,446-2245,446-3806,MARLOWCLERK@MARLOWNH.GOV,WWW.MARLOWNH.GOV,2:00PM - 7:00PM,"JOHN D. PERKINS, SR. ACADEMY OF MARLOW 919 NH RT 10 MARLOW 03456"
MARTIN'S LOCATION,KAREN WILLHOITE,20 PARK ST MARTIN'S LOCATION 03581,466-2744,466-2744,KWILLHOITE@GORHAMNH.GOV,Not Applicable,Not Applicable,GORHAM TOWN HALL 20 PARK ST GORHAM - FOR POLLILNG LOCATION ONLY MARTIN'S LOCATION 03581
MASON,DEBRA A MORRISON,16 DARLING HILL RD MASON 03048,878-3768,878-4892,MASONTOWNCLERK@GMAIL.COM,WWW.MASONNH.US,11:00 AM - 7:00 PM,MASON ELEMENTARY SCHOOL 13 DARLING HILL RD MASON 03048
MEREDITH,KERRI ANN PARKER,41 MAIN STREET MEREDITH 03253,677-4203,279-1042,KPARKER@MEREDITHNH.GOV,WWW.MEREDITHNH.GOV,7:00 AM - 7:00 PM,MEREDITH COMMUNITY CENTER 1 CIRCLE DR MEREDITH 03253
MERRIMACK WARD 01,BRENDA S DULONG,6 BABOOSIC LAKE ROAD MERRIMACK 03054,424-3651,423-8539,BSDULONG@MERRIMACKNH.GOV,WWW.MERRIMACKNH.GOV,7:00 AM - 7:00 PM,MERRIMACK HIGH SCHOOL 38 MCELWAIN ST MERRIMACK 03054
MERRIMACK WARD 02,BRENDA S DULONG,6 BABOOSIC LAKE ROAD MERRIMACK 03054,424-3651,423-8539,BSDULONG@MERRIMACKNH.GOV,WWW.MERRIMACKNH.GOV,7:00 AM - 7:00 PM,MERRIMACK MIDDLE SCHOOL 31 MADELINE BENNETT - POLLING LOCATION ONLY LN MERRIMACK
MIDDLETON,ROY WILLIAM PARECE,182 KINGS HIGHWAY MIDDLETON 03887,473-5210,473-2450,TCTX@MIDDLETONNH.GOV,WWW.MIDDLETONNH.GOV,7:00 AM - 7:00 PM,OLD TOWN HALL 200 KINGS HWY MIDDLETON 03887
MILAN,DAWN G DUBE,PO BOX 158 MILAN 03588,449-3461,449-2624,MILANTOWNCLERK@GMAIL.COM,WWW.TOWNOFMILAN.COM,11:00AM - 07:00PM,MILAN VILLAGE SCHOOL 11 BRIDGE ST MILAN 03588
MILFORD,JOAN MARIE DARGIE,1 UNION SQUARE MILFORD 03055,249-0650,673-2273,JOAN.DARGIE@MILFORD.NH.GOV,WWW.MILFORD.NH.GOV/,6:00 AM - 8:00 PM,MILFORD HIGH SCHOOL 100 WEST ST MILFORD 03055
MILLSFIELD,CHRISTINE ROSE VIGNEAULT,495 W ROUTE 26 MILLSFIELD 03579,344-0117,Not Applicable,CVIGGY613@GMAIL.COM,Not Applicable,12:00 AM - 12:30 AM,MICHAEL VIGNEAULT 479 US ROUTE 26 ERROL 03579
MILTON,BRIAN LECLERC,PO BOX 180 MILTON 03851,652-4501,652-4120,TOWNCLERKTAXCOLLECTOR@MILTONNH-US.COM,WWW.MILTONNH-US.COM,8:00AM - 7:00PM,NUTE MIDDLE AND HIGH SCHOOL 22 ELM ST MILTON 03851
MONROE,AUDREY E DIMATTIES,PO BOX 63 MONROE 03771,638-2644,638-2021,MONROETC@MONROENH.ORG,MONROENH.ORG,12:00 PM - 6:00 PM,MONROE TOWN HALL 50 MAIN ST MONROE 03771
MONT VERNON,BELINDA YEATON,PO BOX 417 MONT VERNON 03057,673-9126,Not Applicable,BYEATON@MONTVERNONNH.US,WWW.MONTVERNONNH.US,7:00 AM - 7:00 PM,MONT VERNON VILLAGE SCHOOL 1 KITTREDGE RD MONT VERNON 03057
MOULTONBOROUGH,JULIA MARCHAND,PO BOX 15 MOULTONBOROUGH 03254,476-2347,476-2778,TOWNCLERK@MOULTONBOROUGHNH.GOV,WWW.MOULTONBOROUGHNH.GOV,7:00 AM - 7:00 PM,MOULTONBOROUGH ACADEMY 25 BLAKE RD MOULTONBOROUGH 03254
NASHUA WARD 01,DANIEL HEALEY,229 MAIN STREET NASHUA 03060,589-3010,589-3029,CITYCLERK@NASHUANH.GOV,WWW.NASHUANH.GOV,6:00 AM - 8:00 PM,BROAD STREET ELEMENTARY SCHOOL 390 BROAD ST NASHUA 03063
NASHUA WARD 02,DANIEL HEALEY,229 MAIN STREET NASHUA 03060,589-3010,589-3029,CITYCLERK@NASHUANH.GOV,WWW.NASHUANH.GOV,6:00 AM - 8:00 PM,CHARLOTTE AVENUE ELEMENTARY SCHOOL 48 CHARLOTTE AVE NASHUA 03064
NASHUA WARD 03,DANIEL HEALEY,229 MAIN STREET NASHUA 03060,589-3010,589-3029,CITYCLERK@NASHUANH.GOV,WWW.NASHUANH.GOV,6:00 A.M. - 8:00 PM,AMHERST STREET ELEMENTARY SCHOOL 71 AMHERST ST NASHUA 03064
NASHUA WARD 04,DANIEL HEALEY,229 MAIN STREET NASHUA 03060,589-3010,589-3029,CITYCLERK@NASHUANH.GOV,WWW.NASHUANH.GOV,6:00 AM - 8:00 PM,LEDGE STREET ELEMENTARY SCHOOL 139 LEDGE ST NASHUA 03060
NASHUA WARD 05,DANIEL HEALEY,229 MAIN STREET NASHUA 03060,589-3010,589-3029,CITYCLERK@NASHUANH.GOV,WWW.NASHUANH.GOV,6:00 AM - 8:00 PM,NASHUA HIGH SCHOOL SOUTH GYMNASIUM 36 RIVERSIDE ST NASHUA 03062
NASHUA WARD 06,DANIEL HEALEY,229 MAIN STREET NASHUA 03060,589-3010,589-3029,CITYCLERK@NASHUANH.GOV,WWW.NASHUANH.GOV,6:00 AM - 8:00 PM,FAIRGROUNDS MIDDLE SCHOOL 27 CLEVELAND ST NASHUA 03060
NASHUA WARD 07,DANIEL HEALEY,229 MAIN STREET NASHUA 03060,589-3010,589-3029,CITYCLERK@NASHUANH.GOV,WWW.NASHUANH.GOV,6:00 AM - 8:00 PM,DR. NORMAN W. CRISP ELEMENTARY SCHOOL 50 ARLINGTON ST NASHUA 03060
NASHUA WARD 08,DANIEL HEALEY,229 MAIN STREET NASHUA 03060,589-3010,589-3029,CITYCLERK@NASHUANH.GOV,WWW.NASHUANH.GOV,6:00 AM - 8:00 PM,BICENTENNIAL ELEMENTARY SCHOOL 296 EAST DUNSTABLE RD NASHUA 03062
NASHUA WARD 09,DANIEL HEALEY,229 MAIN STREET NASHUA 03060,589-3010,589-3029,CITYCLERK@NASHUANH.GOV,WWW.NASHUANH.GOV,6:00 AM - 8:00 PM,NEW SEARLES ELEMENTARY SCHOOL 39 SHADY LN NASHUA 03062
NELSON,KAREN CASTELLI,7 NELSON COMMON RD NELSON 03457,847-9043,847-3197,TOWNCLERK@NELSONNH.US,WWW.TOWNOFNELSON.ORG,11:00 AM - 7:00 PM,NELSON TOWN HALL 3 NELSON COMMON RD NELSON 03457
NEW BOSTON,KIMBERLY A COLBERT,P O BOX 250 NEW BOSTON 03070,487-2500,487-2975,K.COLBERT@NEWBOSTONNH.GOV,WWW.NEWBOSTONNH.GOV,7:00 AM - 7:00 PM,NEW BOSTON CENTRAL ELEMENTARY SCHOOL 15 CENTRAL SCHOOL RD NEW BOSTON 03070
NEW CASTLE,ALLISON WHITE,PO BOX 367 NEW CASTLE 03854,431-6710,433-6198,TOWNCLERK@NEWCASTLE.NH.GOV,WWW.NEWCASTLENH.ORG,9:00 AM - 7:00 PM,NEW CASTLE RECREATION CENTER 301 WENTWORTH RD NEW CASTLE 03854
NEW DURHAM,ALICIA HOUSEL,P.O. BOX NEW DURHAM 03855,859-2091,859-6644,NDCLERK@NEWDURHAMNH.US,WWW.NEWDURHAMNH.US,8:00 - 7:00 PM,NEW DURHAM SCHOOL 7 OLD BAY RD NEW DURHAM 03855
NEW HAMPTON,REGINA M SCHOFIELD,PO BOX 538 NEW HAMPTON 03256,744-8454,Not Applicable,RADAMS@NEW-HAMPTON.NH.US,WWW.NEWHAMPTONNH.GOV,11:00 AM - 7:00 PM,NEW HAMPTON TOWN HOUSE 86 TOWN HOUSE RD NEW HAMPTON 03256
NEW IPSWICH,LISA MARIE CARBONE,661 TURNPIKE ROAD NEW IPSWICH 03071,878-2772,878-3855,TOWNCLERKTAX@NEWIPSWICHNH.GOV,WWW.TOWNOFNEWIPSWICH.ORG,7:00 AM - 7:00 PM,MASCENIC REGIONAL HIGH SCHOOL 175 TURNPIKE RD NEW IPSWICH 03071
NEW LONDON,WILL KIDDER,375 MAIN STREET NEW LONDON 03257,526-1244,526-9494,W.KIDDER@NEWLONDON.NH.GOV,NEWLONDON.NH.GOV,7:00 AM - 7:00 PM,WHIPPLE MEMORIAL TOWN HALL 25 SEAMANS RD NEW LONDON 03257
NEWBURY,LINDA JEAN PLUNKETT,PO BOX 253 NEWBURY 03255,763-5326,763-5298,LINDA@NEWBURYNH.ORG,WWW.NEWBURYNH.ORG,1:00 PM - 7:00 PM,TOWN OFFICE BUILDING 937 ROUTE 103 NEWBURY 03255
NEWFIELDS,SUE E MCKINNON,65 MAIN STREET NEWFIELDS 03856,772-5070,772-9004,SUEMCKINNON@NEWFIELDSNH.GOV,WWW.NEWFIELDSNH.GOV,8:00 AM - 7:00 PM,NEWFIELDS TOWN HALL 65 MAIN ST NEWFIELDS 03856
NEWINGTON,DOREEN ALISON CARADONNA,205 NIMBLE HILL RD NEWINGTON 03801,436-7640,Not Applicable,DCARADONNA@NEWINGTONNH.GOV,WWW.NEWINGTON.NH.US,11:00 AM - 7:00 PM,NEWINGTON TOWN HALL 205 NIMBLE HILL RD NEWINGTON 03801
NEWMARKET,TERRI J LITTLEFIELD,186 MAIN ST NEWMARKET 03857,659-3617,659-3441,TLITTLEFIELD@NEWMARKETNH.GOV,WWW.NEWMARKETNH.GOV,7:00 AM - 7:00 PM,NEWMARKET TOWN HALL 186 MAIN ST NEWMARKET 03857
NEWPORT,LISELLE G DUFORT,15 SUNAPEE STREET NEWPORT 03773,863-2224,863-8008,LDUFORT@NEWPORTNH.GOV,WWW.NEWPORTNH.GOV,08:00 AM - 07:00 PM,NEWPORT COMMUNITY CENTER 17 MEADOW RD NEWPORT 03773
NEWTON,MARY JO MCCULLOUGH,2 TOWN HALL ROAD NEWTON 03858,382-4405,382-2596,TOWNCLERKTAXCOLLECTOR@NEWTONNH.NET,WWW.NEWTON-NH.GOV,8:00 AM - 8:00 PM,NEWTON SAFETY COMPLEX 8 MERRIMAC RD NEWTON 03858
NORTH HAMPTON,SUSAN M BUCHANAN,237 ATLANTIC AVENUE NORTH HAMPTON 03862,964-6029,Not Applicable,SBUCHANAN@NORTHHAMPTON-NH.GOV,WWW.NORTHHAMPTON-NH.GOV,8:00 AM - 7:00 PM,NORTH HAMPTON SCHOOL 201 ATLANTIC AVE NORTH HAMPTON 03862
NORTHFIELD,HEATHER FAILLA,21 SUMMER STREET NORTHFIELD 03276,286-4482,286-3328,TCTC@NORTHFIELDNH.GOV,WWW.NORTHFIELDNH.ORG,7:00 AM - 7:00 PM,PINES COMMUNITY CENTER 61 SUMMER ST NORTHFIELD 03276
NORTHUMBERLAND,KATHY WILES,19 MAIN STREET NORTHUMBERLAND 03582,636-1450,636-6098,TCTX@NORTHUMBERLANDNH.GOV,WWW.NORTHUMBERLANDNH.GOV,11:00 AM - 7:00 PM,NORTHUMBERLAND TOWN HALL 10 STATION SQUARE ST NORTHUMBERLAND 03582
NORTHWOOD,MARISA RUSSO,818 FIRST NH TPKE NORTHWOOD 03261,942-5586,Not Applicable,MRUSSO@NORTHWOODNH.ORG,WWW.NORTHWOODNH.ORG,7:00 AM - 7:00 PM,NORTHWOOD SCHOOL 511 1ST NH TPKE NORTHWOOD 03261
NOTTINGHAM,ALANA JEANE KENNEY,PO BOX 114 NOTTINGHAM 03290,679-9598,Not Applicable,TOWNCLERK@NOTTINGHAM-NH.GOV,WWW.NOTTINGHAM-NH.GOV,7:00 AM - 7:00 PM,NOTTINGHAM TOWN HALL 139 STAGE RD NOTTINGHAM 03290
ODELL,DONNA M DEMERS,100 PO Box 100 ODELL 03579,482-3351,482-3804,ERROLTOWNCLERK@GMAIL.COM,Not Applicable,3:00PM - 7:00PM,ERROL TOWN HALL 33 US ROUTE 3 ODELL 03576
ORANGE,TAMARA LYN FAIRBANK,PO BOX 37 ORANGE 03741,523-7054,Not Applicable,ORANGENHTOWNCLERK@GMAIL.COM,WWW.ORANGENH.US (UNOFFICIAL COMMUNITY RUN WEBSITE),Not Applicable,ORANGE TOWN HOUSE 8 TOWNHOUSE RD ORANGE 03741
ORFORD,DEBORAH M HADLOCK,2529 ROUTE 25A ORFORD 03777,353-4404,353-4489,TOWNCLERK@ORFORDNH.US,WWW.ORFORDNH.US,Not Applicable,ORFORD TOWN OFFICE 2529 ROUTE 25A ORFORD 03777
OSSIPEE,KELLIE J SKEHAN,PO BOX 67 OSSIPEE 03814,539-2008,Not Applicable,KSKEHAN@OSSIPEE.ORG,WWW.OSSIPEE.ORG,10:00 AM - 7:00 PM,OSSIPEE TOWN HALL 55 MAIN ST OSSIPEE 03814
PELHAM,LINDA YVONNE NEWCOMB,6 VILLAGE GREEN PELHAM 03076,508-3076,508-3096,TOWNCLERK@PELHAMWEB.COM,WWW.PELHAMWEB.COM,7:00 AM - 8:00 PM,PELHAM HIGH SCHOOL 85 MARSH RD PELHAM 03076
PEMBROKE,JAMES F GOFF,311 PEMBROKE STREET PEMBROKE 03275,485-4747,485-3967,JGOFF@PEMBROKE-NH.COM,WWW.PEMBROKE-NH.COM,11:00 AM - 7:00 PM,PEMBROKE ACADEMY HIGH SCHOOL 209 ACADEMY RD PEMBROKE 03275
PETERBOROUGH,LINDA M GUYETTE,1 GROVE ST PETERBOROUGH 03458,784-5605,924-8001,TOWNCLERK@PETERBOROUGHNH.GOV,WWW.PETERBOROUGHNH.GOV,7:00 AM - 7:00 PM,PETERBOROUGH TOWN HOUSE 1 GROVE ST PETERBOROUGH 03458
PIERMONT,BERNADETTE RATEL,130 ROUTE 10 PIERMONT 03779,272-4840,272-9182,BERNADETTE.RATEL@TOWNOFPIERMONTNH.ORG,BERNADETTE.RATEL@TOWNOFPIERMONTNH.ORG,10AM - 7PM,OLD CHURCH BUIDING 132 ROUTE 10 PIERMONT 03779
PINKHAM'S GRANT,KAREN WILLHOITE,20 PARK STREET PINKHAM'S GRANT 03581,466-2744,466-2744,KWILLHOITE@GORHAMNH.GOV,Not Applicable,Not Applicable,GORHAM TOWN HALL-20 PARK STREET GORHAM NH 20 PARK ST PINKHAM'S GRANT 03581
PITTSBURG,MARISE CLAIRE BURNS,1526 MAIN STREET PITTSBURG 03592,538-6699,538-6697,PITTSBURG1NH@GMAIL.COM,WWW.PITTSBURG-NH.COM,Not Applicable,COMMUNITY HALL 1611 MAIN ST PITTSBURG 03592
PITTSFIELD,ERICA ANNE ANTHONY,85 MAIN STREET PITTSFIELD 03263,435-6773,435-7922,EANTHONY@PITTSFIELDNH.GOV,WWW.PITTSFIELDNH.GOV,7:00 AM - 7:00 PM,PITTSFIELD MIDDLE HIGH SCHOOL GYMNASIUM 23 ONEIDA ST PITTSFIELD 03263
PLAINFIELD,SARAH ELIZABETH TROUT BERMAN,PO BOX 380 PLAINFIELD 03770,469-3201,469-3642,SBERMAN@PLAINFIELDNH.ORG,WWW.PLAINFIELDNH.ORG,8:00 AM - 7:00 PM,PLAINFIELD ELEMENTARY SCHOOL 92 BONNER RD PLAINFIELD 03770
PLAISTOW,MARTHA L. FOWLER,145 MAIN STREET PLAISTOW 03865,382-8129,382-7183,TOWNCLERK@PLAISTOW.COM,WWW.PLAISTOW.COM,7:00 AM - 7:00 PM,PLAISTOW FISH & GAME CLUB 18 MAY RAY AVE PLAISTOW 03865
PLYMOUTH,AIMEE K LEE,6 POST OFFICE SQUARE PLYMOUTH 03264,536-1732,536-0036,TOWNCLERK@PLYMOUTHNH.GOV,WWW.PLYMOUTHNH.GOV,8:00 AM - 7:00 PM,PLYMOUTH ELEMENTARY SCHOOL 43 OLD WARD BRIDGE RD PLYMOUTH 03264
PORTSMOUTH WARD 01,SALLY A KELLAR,1 JUNKINS AVENUE PORTSMOUTH 03801,610-7208,610-4158,SAKELLAR@PORTSMOUTHNH.GOV,WWW.CITYOFPORTSMOUTH.COM,8:00 AM - 7:00 PM,NEW FRANKLIN SCHOOL 1 FRANKLIN DR PORTSMOUTH 03801
PORTSMOUTH WARD 02,SALLY A KELLAR,1 JUNKINS AVENUE PORTSMOUTH 03801,610-7208,610-4158,SAKELLAR@PORTSMOUTHNH.GOV,WWW.CITYOFPORTSMOUTH.COM,8:00 AM - 7:00 PM,MIDDLE SCHOOL 155 PARROTT AVE PORTSMOUTH 03801
PORTSMOUTH WARD 03,SALLY A KELLAR,1 JUNKINS AVENUE PORTSMOUTH 03801,610-7208,610-4158,SAKELLAR@PORTSMOUTHNH.GOV,WWW.CITYOFPORTSMOUTH.COM,8:00 AM - 7:00 PM,PORTSMOUTH SENIOR ACTIVITY CENTER 125 COTTAGE ST PORTSMOUTH 03801
PORTSMOUTH WARD 04,SALLY A KELLAR,1 JUNKINS AVENUE PORTSMOUTH 03801,610-7208,610-4158,SAKELLAR@PORTSMOUTHNH.GOV,WWW.CITYOFPORTSMOUTH.COM,8:00 AM - 7:00 PM,DONDERO SCHOOL 32 VAN BUREN AVE PORTSMOUTH 03801
PORTSMOUTH WARD 05,SALLY A KELLAR,1 JUNKINS AVENUE PORTSMOUTH 03801,610-7208,610-4158,SAKELLAR@PORTSMOUTHNH.GOV,WWW.CITYOFPORTSMOUTH.COM,8:00 AM - 7:00 PM,LITTLE HARBOUR SCHOOL 50 CLOUGH DR PORTSMOUTH 03801
RANDOLPH,ANNE KENISON,130 DURAND ROAD RANDOLPH 03593,466-5771,466-9856,TOWNCLERK@RANDOLPH.NH.GOV,WWW.RANDOLPH.NH.GOV,11:00 AM - 7:00 PM,RANDOLPH TOWN HALL 130 DURAND RD RANDOLPH 03593
RAYMOND,ALYSSA C RICHARD-ENOS,4 EPPING STREET RAYMOND 03077,895-7024,895-7064,ARICHARD@RAYMONDNH.GOV,WWW.RAYMONDNH.GOV,7:00 AM - 7:00 PM,IBER HOLMES GOVE MIDDLE SCHOOL 1 STEPHEN K BATCHELDER PKWY RAYMOND 03077
RICHMOND,KAREN A OBRIEN,105 OLD HOMESTEAD HWY RICHMOND 03470,239-6202,Not Applicable,OBRIENRICHMONDCLERK@GMAIL.COM,WWW.RICHMOND.NH.GOV,11:00 AM - 7:00 PM,VETERANS MEMORIAL HALL 150 OLD HOMESTEAD HWY RICHMOND 03470
RINDGE,SHANA EICHNER,30 PAYSON HILL ROAD RINDGE 03461,899-5181,Not Applicable,TOWNCLERK@RINDGENH.GOV,WWW.RINDGENH.GOV,7:00 AM - 7:00 PM,RINDGE MEMORIAL SCHOOL 58 SCHOOL ST RINDGE 03461
ROCHESTER WARD 01,KELLY ANNE WALTERS,150 WAKEFIELD ST ROCHESTER 03867,332-2130,509-1915,CITYCLERK@ROCHESTERNH.GOV,WWW.ROCHESTERNH.GOV,8:00 AM - 7:00 PM,W-1 SALMON FALLS SCHOOL 753 SALMON FALLS RD EAST ROCHESTER 03868
ROCHESTER WARD 02,KELLY ANNE WALTERS,150 WAKEFIELD ST ROCHESTER 03867,332-2130,509-1915,CITYCLERK@ROCHESTERNH.GOV,WWW.ROCHESTERNH.GOV,8:00 AM - 7:00 PM,W-2 CHAMBERLAIN STREET SCHOOL 65 CHAMBERLAIN ST ROCHESTER 03867
ROCHESTER WARD 03,KELLY ANNE WALTERS,150 WAKEFIELD ST ROCHESTER 03867,332-2130,509-1915,CITYCLERK@ROCHESTERNH.GOV,WWW.ROCHESTERNH.GOV,8:00 AM - 7:00 PM,W-3 GONIC ELEMENTARY SCHOOL 10 RAILROAD AVE ROCHESTER 03839
ROCHESTER WARD 04,KELLY ANNE WALTERS,150 WAKEFIELD ST ROCHESTER 03867,332-2130,509-1915,CITYCLERK@ROCHESTERNH.GOV,WWW.ROCHESTERNH.GOV,8:00 AM - 7:00 PM,W-4 MCCLELLAND ELEMENTARY SCHOOL 59 BROCK ST ROCHESTER 03867
ROCHESTER WARD 05,KELLY ANNE WALTERS,150 WAKEFIELD ST ROCHESTER 03867,332-2130,509-1915,CITYCLERK@ROCHESTERNH.GOV,WWW.ROCHESTERNH.GOV,8:00 AM - 7:00 PM,W-5 JAMES W FOLEY MEMORIAL COMMUNITY CENTER - ENTRANCE B 150 WAKEFIELD ST ROCHESTER 03867
ROCHESTER WARD 06,KELLY ANNE WALTERS,150 WAKEFIELD ST ROCHESTER 03867,332-2130,509-1915,CITYCLERK@ROCHESTERNH.GOV,WWW.ROCHESTERNH.GOV,8:00 AM - 7:00 PM,W-6 ELKS LODGE 1393 295 COLUMBUS AVE ROCHESTER 03867
ROLLINSFORD,NANCY MCCAULEY,PO BOX 309 ROLLINSFORD 03869,742-2510,740-0254,CLERK@ROLLINSFORD.NH.US,WWW.ROLLINSFORD.NH.US,7:00 AM - 7:00PM,AMERICAN LEGION POST 47 551 FOUNDRY ST ROLLINSFORD 03869
ROXBURY,ROBIN LEIGH BUFFUM,562 MIDDLETOWN ROAD ROXBURY 03431,499-3041,Not Applicable,ROXBURYTOWNCLERK@YAHOO.COM,WWW.ROXBURYNH.ORG,6:00 PM - 8:30 PM,ROXBURY TOWN HALL 3 MIDDLETOWN RD ROXBURY 03431
RUMNEY,DAWN J COFFEY,PO BOX 275 RUMNEY 03266,786-2237,786-2237,TOWNCLERK@RUMNEYNH.ORG,WWW.RUMNEYNH.ORG,8:00 AM - 7:00 PM,RUSSELL ELEMENTARY SCHOOL 195 SCHOOL ST RUMNEY 03266
RYE,AMY E THIBODEAU,500 WASHINGTON RD RYE 03870,964-8562,964-1587,ATHIBODEAU@TOWN.RYE.NH.US,WWW.TOWN.RYE.NH.US,8:00 AM - 7:00 PM,RYE ELEMENTARY SCHOOL 461 SAGAMORE RD RYE 03870
SALEM WARD 01,NICOLE L MORSE,33 GEREMONTY DR SALEM 03079,890-2116,685-6402,NMORSE@SALEMNH.GOV,SALEMNH.GOV,07:00 AM - 07:00 PM,WOODBURY MIDDLE SCHOOL 206 MAIN ST SALEM 03079
SALEM WARD 02,NICOLE L MORSE,33 GEREMONTY DR SALEM 03079,890-2116,685-6402,NMORSE@SALEMNH.GOV,SALEMNH.GOV,7:00 AM - 7:00 PM,NO. SALEM SCHOOL 140 ZION HILL RD SALEM 03079
SALEM WARD 03,NICOLE L MORSE,33 GEREMONTY DR SALEM 03079,890-2116,685-6402,NMORSE@SALEMNH.GOV,SALEMNH.GOV,7:00 AM - 7:00 PM,FISK SCHOOL 14 MAIN ST SALEM 03079
SALEM WARD 04,NICOLE L MORSE,33 GEREMONTY DR SALEM 03079,890-2116,685-6402,NMORSE@SALEMNH.GOV,SALEMNH.GOV,7:00 AM - 7:00 PM,BARRON SCHOOL 55 BUTLER ST SALEM 03079
SALISBURY,BEVERLEY TILLEY,PO BOX 2 SALISBURY 03268,648-6322,648-6658,TCLERKSALISBURY@GMAIL.COM,WWW.SALISBURYNH.ORG,11:00 AM - 7:00 PM,SALISBURY TOWN HALL 645 OLD TURNPIKE RD SALISBURY 03268
SANBORNTON,JULIANA ALANE LONERGAN,PO BOX 124 SANBORNTON 03269,286-4034,286-9544,TCTC@SANBORNTONNH.ORG,WWW.SANBORNTONNH.ORG,07:00AM - 07:00PM,OLD TOWN HALL 19 MEETING HOUSE HILL RD SANBORNTON 03269
SANBORNTON,JULIANA ALANE LONERGAN,PO BOX 124 SANBORNTON 03269,286-4034,286-9544,TCTC@SANBORNTONNH.ORG,WWW.SANBORNTONNH.ORG,7:00 AM - 7:00 PM,SANBORNTON CENTRAL SCHOOL 16 HUNKINS POND RD SANBORNTON 03269
SANDOWN,TANYA GAYNOR,PO BOX 583 SANDOWN 03873,887-4870,887-5163,TGAYNOR@SANDOWN.US,WWW.SANDOWN.US,8:00 AM - 8:00 PM,SANDOWN TOWN HALL 320 MAIN ST SANDOWN 03873
SANDWICH,ALISON JULIA GAGE,PO BOX 194 SANDWICH 03227,284-7113,284-6819,TCTC@SANDWICHNH.ORG,SANDWICHNH.ORG,10:00 AM - 7:00 PM,SANDWICH TOWN HALL 8 MAPLE ST SANDWICH 03227
SARGENT'S PURCHASE,CHRISTINA ZORNIO,20 PARK STREET SARGENT'S PURCHASE 03581,466-2744,466-2744,CZORNIO@GORHAMNH.ORG,WWW.GORHAMNH.ORG,Not Applicable,GORHAM TOWN HALL 20 PARK ST SARGENT'S PURCHASE 03581
SEABROOK,SHAYNA D MERRILL,99 LAFAYETTE RD SEABROOK 03874,474-3152,Not Applicable,SMERRILL@SEABROOKNH.ORG,WWW.SEABROOKNH.INFO,7:00 AM - 7:00 PM,SEABROOK COMMUNITY CENTER 311 LAFAYETTE RD SEABROOK 03874
SECOND COLLEGE GRANT,DONNA M DEMERS,PO BOX 100 SECOND COLLEGE GRANT 03579,482-3351,482-3804,ERROLTOWNCLERK@GMAIL.COM,Not Applicable,Not Applicable,ERROL TOWN HALL 33 MAIN STREET ERROL - FOR POLLING PLACE ONLY SECOND COLLEGE GRANT 03579
SHARON,DIANNE E MITCHELL,432 NH RTE 123 SHARON 03458,924-9250,Not Applicable,SHARONTOWNCLERK@GMAIL.COM,WWW.SHARONNH.ORG,11:00 AM - 7:00 PM,SHARON MEETING HOUSE 432 RT 123 SHARON 03458
SHELBURNE,LEONA KEALTY,74 VILLAGE ROAD SHELBURNE 03581,466-2262,466-5271,TCTX@TOWNOFSHELBURNENH.GOV,WWW.TOWNOFSHELBURNENH.GOV,11:00 AM - 7:00 PM,SHELBURNE TOWN HALL 74 VILLAGE RD SHELBURNE 03581
SOMERSWORTH WARD 01,KRISTEN LAPANNE,1 GOVERNMENT WAY SOMERSWORTH 03878,692-9511,692-9574,KLAPANNE@SOMERSWORTHNH.GOV,WWW.SOMERSWORTHNH.GOV,7:00 A.M. - 7:00 PM,CITY HALL 1 GOVERNMENT WAY SOMERSWORTH 03878
SOMERSWORTH WARD 02,KRISTEN LAPANNE,1 GOVERNMENT WAY SOMERSWORTH 03878,692-9511,692-9574,KLAPANNE@SOMERSWORTHNH.GOV,WWW.SOMERSWORTHNH.GOV,7:00 A.M. - 7:00 PM,SUMMERSWORTH HISTORICAL MUSEUM 157 MAIN ST SOMERSWORTH 03878
SOMERSWORTH WARD 03,KRISTEN LAPANNE,1 GOVERNMENT WAY SOMERSWORTH 03878,692-9511,692-9574,KLAPANNE@SOMERSWORTHNH.GOV,WWW.SOMERSWORTHNH.GOV,7:00 A.M. - 7:00 PM,SOMERSWORTH HIGH SCHOOL 11 MEMORIAL DR SOMERSWORTH 03878
SOMERSWORTH WARD 04,KRISTEN LAPANNE,1 GOVERNMENT WAY SOMERSWORTH 03878,692-9511,692-9574,KLAPANNE@SOMERSWORTHNH.GOV,WWW.SOMERSWORTHNH.GOV,7:00 A.M. - 7:00 PM,IDLEHURST ELEMENTARY SCHOOL 46 STACKPOLE RD SOMERSWORTH 03878
SOMERSWORTH WARD 05,KRISTEN LAPANNE,1 GOVERNMENT WAY SOMERSWORTH 03878,692-9511,692-9574,KLAPANNE@SOMERSWORTHNH.GOV,WWW.SOMERSWORTHNH.GOV,07:00 AM - 07:00 PM,CHARPENTIER APARTMENTS - COMMUNITY ROOM 28 FRANKLIN ST SOMERSWORTH 03878
SOUTH HAMPTON,ANDREA CONDON,3 HILLDALE AVE SOUTH HAMPTON 03827,394-7696,394-2134,TCTX@SOUTHHAMPTONNH.ORG,SOUTHHAMPTONNH.ORG,11:00 AM - 08:00 PM,SOUTH HAMTPN TOWN HALL 3 HILLDALE AVE SOUTH HAMPTON 03827
SPRINGFIELD,ANNIKA M MUNHOLAND,PO BOX 22 SPRINGFIELD 03284,763-4805,Not Applicable,TOWNCLERK@SPRINGFIELDNH.ORG,WWW.SPRINGFIELDNH.ORG,11:00 AM - 7:00 PM,SPRINGFIELD MEETING HOUSE 23 FOUR CORNERS RD SPRINGFIELD 03284
STARK,PATRICIA STYLES PEEL,1189 STARK HIGHWAY STARK 03582,636-2118,636-6199,PATTY@TOWNOFSTARK.COM,STARKNH.GOV,9:00 AM - 7:00 PM,STARK VOLUNTEER FIRE DEPARTMENT 1276 STARK HWY STARK 03582
STEWARTSTOWN,RITA M HIBBARD,888 WASHINGTON ST STEWARTSTOWN 03597,246-3329,246-3329,TOWNOFSTEWARTSTOWN@GMAIL.COM,Not Applicable,10:00 AM - 6:00 PM,STEWARTSTOWN TOWN OFFICE 888 WASHINGTON ST STEWARTSTOWN 03597
STODDARD,MCNEAL F NANCY,1450 ROUTE 123 N STODDARD 03464,446-3326,446-2278,CLERKTAX@STODDARDNH.ORG,WWW.STODDARDNH.ORG,11:00 AM - 7:00 PM,STODDARD TOWN HALL 1450 ROUTE 123 NORTH STODDARD 03464
STRAFFORD,TERRI LYN MARSH,PO BOX 169 STRAFFORD 03884,664-2192,664-7276,TOWNCLERK@STRAFFORD.NH.GOV,WWW.STRAFFORD.NH.GOV,8:00 AM - 7:00 PM,STRAFFORD TOWN HALL 12 MOUNTAIN VIEW DR STRAFFORD 03884
STRATFORD,MARYANN F LISTER,PO BOX 366 STRATFORD 03590,922-5546,922-3317,TCTX@STRATFORDNH.GOV,WWW.STRATFORDNH.GOV,10:00 AM - 7:00 PM,FULLER TOWN HALL 1956 US ROUTE 3 STRATFORD 03590
STRATHAM,DEBORAH L BAKIE,10 BUNKER HILL AVE STRATHAM 03885,772-4741,775-0517,DBAKIE@STRATHAMNH.GOV,WWW.STRATHAMNH.GOV,7:00AM - 7:00PM,STRATHAM MEMORIAL SCHOOL 39 GIFFORD FARM RD STRATHAM 03885
SUCCESS,LEONA KEALTY,74 VILLAGE RD SHELBURNE - FOR POLLING LOCATION ONLY SUCCESS 03581,466-2262,466-5271,TCTX@TOWNOFSHELBURNENH.GOV,HTTPS://WWW.TOWNOFSHELBURNENH.GOV/,4:00 PM - 8:00 PM,SHELBURNE TOWN HALL 74 VILLAGE RD SHELBURNE - FOR POLLING LOCATION ONLY SUCCESS 03581
SUGAR HILL,LISSA MACK BOISSONNEAULT,PO BOX 574 SUGAR HILL 03586,823-8516,823-8446,TOWNCLERK@SUGARHILLNH.ORG,WWW.SUGARHILLNH.ORG,08:00 AM - 07:00 PM,CAROLINA CRAPO BUILDING 1411 ROUTE 117 SUGAR HILL 03586
SUGAR HILL,LISSA MACK BOISSONNEAULT,PO BOX 574 SUGAR HILL 03586,823-8516,823-8446,TOWNCLERK@SUGARHILLNH.ORG,WWW.SUGARHILLNH.ORG,12:00 PM - 6:30PM,SUGAR HILL MEETING HOUSE 0000 ROUTE 117 SUGAR HILL 03586
SULLIVAN,JASON E TAYLOR,PO BOX 110 SULLIVAN 03445,847-3316,847-9154,TOWNCLERK@TOWNOFSULLIVANNH.COM,TOWNOFSULLIVANNH.COM,8:00 AM - 7:00 PM,SULLIVAN TOWN HALL 452 CENTRE ST SULLIVAN 03445
SUNAPEE,JOSHUA P BOONE,PO BOX 303 SUNAPEE 03782,763-2449,Not Applicable,JOSHUA@SUNAPEENH.GOV,WWW.SUNAPEENH.GOV,8:00AM - 7:00 PM,SHERBURNE GYMNASIUM 555 ROUTE 11 SUNAPEE 03782
SURRY,CHRISTINA MARIE HAMMOND,235 Route 12A SURRY 03431,352-3075,357-4890,depclerk@surry.nh.gov,SURRY.NH.GOV,11:00 AM - 7:00 PM,SURRY TOWN HALL 1 VILLAGE RD SURRY 03431
SUTTON,BETH-HOLLY LADUKE,93 MAIN STREET SUTTON 03221,927-2401,927-4646,TOWNCLERK@SUTTON-NH.ORG,WWW.SUTTON-NH.ORG,8:00 AM - 7:00 PM,SUTTON TOWN HALL 93 MAIN ST SUTTON 03221
SWANZEY,HEATHER ESTRELLA,PO BOX 10009 SWANZEY 03446,352-7411,352-6250,TOWNCLERK@SWANZEYNH.GOV,WWW.SWANZEYNH.GOV,08:00AM - 07:00PM,MONADNOCK REGIONAL HIGH SCHOOL 580 OLD HOMESTEAD HWY SWANZEY 03446
TAMWORTH,KIM TRAMMELL,84 MAIN STREET TAMWORTH 03886,323-7971,323-2347,TCTX@TAMWORTHNH.GOV,WWW.TAMWORTHNH.GOV,8:00 AM - 7:00 PM,K A BRETT SCHOOL 881 TAMWORTH RD TAMWORTH 03886
TEMPLE,STACEY C CLARK,PO BOX 69 TEMPLE 03084,878-3873,878-5067,TOWNCLERK@TEMPLENH.GOV,TEMPLENH.ORG,7:00 AM - 7:00 PM,TEMPLE TOWN HALL 19 MAIN ST TEMPLE 03084
THOMPSON & MESERVE'S PURCHASE,CHRISTINA ZORNIO,20 PARK ST THOMPSON & MESERVE'S PURCHASE 03581,466-2744,466-2744,CZORNIO@GORHAMNH.ORG,Not Applicable,Not Applicable,GORHAM TOWN HALL 20 PARK ST GORHAM - FOR POLLING LOCATION ONLY THOMPSON & MESERVE'S PURCHASE 03581
THORNTON,ANITA C ROSS,16 MERRILL ACCESS RD. THORNTON 03285,726-4232,726-2078,TOWNCLERK@THORNTONNH.GOV,WWW.TOWNOFTHORNTON.ORG,8:00 AM - 7:00 PM,THORNTON CENTRAL SCHOOL 1886 NH ROUTE 175 RTE THORNTON 03285
THORNTON,ANITA C ROSS,16 MERRILL ACCESS RD. THORNTON 03285,726-4232,726-2078,TOWNCLERK@THORNTONNH.GOV,WWW.TOWNOFTHORNTON.ORG,8:00AM - 7:00PM,THORNTON STATION MEETING HALL 12 MERRILL ACCESS RD THORNTON 03285
THORNTON,ANITA C ROSS,16 MERRILL ACCESS RD. THORNTON 03285,726-4232,726-2078,TOWNCLERK@THORNTONNH.GOV,WWW.TOWNOFTHORNTON.ORG,8:00AM - 7:00PM,THORNTON STATION MEETING HALL 12 MERRILL ACCESS RD THORNTON 03285
TILTON,KIM SOWLES,257 MAIN ST TILTON 03276,286-4425,286-7817,KSOWLES@TILTONNH.ORG,WWW.TILTONNH.ORG,7:00 AM - 7:00 PM,WINNISQUAM HIGH SCHOOL 435 W MAIN ST TILTON 03276
TROY,CHRISTINA R HOPKINS,PO BOX 249 TROY 03465,242-3845,242-3430,TAXCOLLECTOR@TROY-NH.US,WWW.TROY-NH.US,10:00 AM - 7:00 PM,COMMUNITY CENTER 61 SOUTH ST TROY 03465
TUFTONBORO,JENNIFER M COULTER,po box 407 TUFTONBORO 03850,569-4539,569-4328,TOWNCLERK@TUFTONBORONH.GOV,WWW.TUFTONBORONH.GOV,08:00 AM - 7:00 PM,TUFTONBORO TOWN HOUSE 247 MIDDLE RD TUFTONBORO 03816
UNITY,RAMONA LABRIE,13 CENTER ROAD UNITY 03603,542-9665,542-9736,TOWNCLERK@TOWNOFUNITYNH.ORG,WWW.TOWNOFUNITYNH.ORG,8:00 AM - 7:00 PM,UNITY TOWN HALL 896 2ND NH TPKE UNITY 03603
WAKEFIELD,VALERIE WARD,2 HIGH ST WAKEFIELD 03872,522-6205,522-6794,TOWNCLERK@WAKEFIELDNH.COM,WWW.WAKEFIELDNH.COM,8:00 AM - 7:00 PM,PAUL SCHOOL 60 TAYLOR WAY WAKEFIELD 03872
WAKEFIELD,VALERIE WARD,2 HIGH ST WAKEFIELD 03872,522-6205,522-6794,TOWNCLERK@WAKEFIELDNH.COM,WWW.WAKEFIELDNH.COM,8:00 AM - 7:00 PM,WAKEFIELD TOWN HALL OPERA HOUSE 2 HIGH ST WAKEFIELD 03872
WALPOLE WARD 01,MEGHAN H HANSSON,PO BOX 756 WALPOLE 03608,756-3514,Not Applicable,MHANSSON@WALPOLENH.US,WWW.WALPOLENH.US,7:00 AM - 7:00 PM,WALPOLE TOWN HALL 34 ELM ST WALPOLE 03608
WALPOLE WARD 02,MEGHAN H HANSSON,PO BOX 756 WALPOLE 03608,756-3514,Not Applicable,MHANSSON@WALPOLENH.US,WWW.WALPOLENH.US,7 A M - 7 P M,ST PETERS CHURCH 38 CHURCH ST WALPOLE 03609
WARNER,MICHELE L COURSER,PO BOX 265 WARNER 03278,456-2298,456-2297,TOWNCLERK@WARNERNH.GOV,WWW.WARNERNH.GOV,7:00 AM - 7:00 PM,WARNER TOWN HALL 5 EAST MAIN ST WARNER 03278
WARREN,SUZANNE M FLAGG,PO BOX 40 WARREN 03279,764-7705,764-9296,WARRENTOWNCLERK@GMAIL.COM,WWW.WARREN-NH.COM,9:00 AM - 7:00 PM,TOWN HALL 21 WATER ST WARREN 03279
WASHINGTON,SUELLEN LEISCHNER,7 HALFMOON POND RD WASHINGTON 03280,495-3667,495-1739,SLEISCHNER@WASHINGTONNH.ORG,WWW.WASHINGTONNH.ORG,8:00 AM - 7:00 PM,CAMP MORGAN LODGE 339 MILLEN POND RD WASHINGTON 03280
WATERVILLE VALLEY,TERRY A. WAITE,PO BOX 500 WATERVILLE VALLEY 03215,236-4730,236-2056,CLERK@WATERVILLEVALLEYNH.GOV,WWW.WATERVILLEVALLEYNH.GOV,10:30 AM - 4:30 PM,RECREATION DEPARTMENT 11 NOON PEAK RD WATERVILLE VALLEY 03215
WEARE,PAMELA J MOUL,15 FLANDERS MEMORIAL RD WEARE 03281,529-7527,529-4554,PMOUL@WEARENH.GOV,WWW.WEARENH.GOV,7:00 AM - 7:00 PM,WEARE MIDDLE SCHOOL 16 EAST RD WEARE 03281
WEBSTER,MARY L WELCH,945 BATTLE ST WEBSTER 03303,648-2053,648-6055,TOWNCLERK@WEBSTER-NH.GOV,WWW.WEBSTER-NH.GOV,10:00AM - 7:00PM,WEBSTER TOWN HALL 945 BATTLE ST WEBSTER 03303
WENTWORTH,DEBORAH A ZIEMBA,P.O. BOX 2 WENTWORTH 03282,764-5244,764-9362,TOWNCLERK@WENTWORTH-NH.ORG,WWW.WENTWORTH-NH.ORG,11:00 AM - 7:00 PM,WENTWORTH ELEMENTARY SCHOOL 1247 MOUNT MOOSILAUKE HWY WENTWORTH 03282
WENTWORTH'S LOCATION,DONNA M DEMERS,PO BOX 100 WENTWORTH'S LOCATION 03579,482-3351,482-3804,ERROLTOWNCLERK@GMAIL.COM,Not Applicable,11:00 AM - 7:00 PM,ERROL TOWN HALL 33 MAIN ST WENTWORTH'S LOCATION 03579
WESTMORELAND,ELLIS G CHASE-PINKNEY,PO BOX 111 WESTMORELAND 03467,399-7211,762-5489,TOWN.CLERK@WESTMORELANDNH.GOV,WWW.WESTMORELANDNH.COM,11:00 AM - 7:00 PM,WESTMORELAND TOWN HALL 780 ROUTE 63 WESTMORELAND 03467
WHITEFIELD,TINA L WRIGHT,56 LITTLETON ROAD WHITEFIELD 03598,837-9871,837-3148,TOWNCLERK@WHITEFIELDNH.GOV,WWW.WHITEFIELDNH.GOV,8:00AM - 6:00PM,CD MCINTYRE BUILDING 16 HIGHLAND ST WHITEFIELD 03598
WILMOT,LISA LAMSON,PO BOX 94 WILMOT 03287,526-9639,526-4067,WILMOT_TC@WILMOTNH.ORG,WWW.WILMOTNH.ORG,8:00 AM - 7:00 PM,WILMOT TOWN HALL 9 NORTH WILMOT RD WILMOT 03287
WILTON,JANE FARRELL,PO BOX 83 WILTON 03086,654-9451,654-6663,TCTC@WILTONNH.GOV,WWW.WILTONNH.GOV,8:00 AM - 7:00 PM,WILTON TOWN HALL 42 MAIN ST WILTON 03086
WINCHESTER,JAMES M TETREAULT,PO BOX 512 WINCHESTER 03470,239-6233,239-4146,JTETREAULT@WINCHESTER.NH.GOV,WWW.WINCHESTER-NH.GOV,8:00 AM - 7:00 PM,WINCHESTER TOWN HALL 81 PARKER ST WINCHESTER 03470
WINDHAM,CANDIS JULIE JOHNSON,3 NORTH LOWELL ROAD WINDHAM 03087,434-5075,965-1275,TOWNCLERK@WINDHAMNH.GOV,WWW.WINDHAMNH.GOV,7:00 AM - 8:00 PM,WINDHAM HIGH SCHOOL 64 LONDON BRIDGE RD WINDHAM 03087
WINDSOR,MELISSA L MERRILL,14 WHITE POND ROAD WINDSOR 03244,478-3292,478-3293,TOWNCLERK@WINDSORNH.ORG,WINDSORNH.ORG,11:00 AM - 7:00 PM,WINDSOR TOWN HALL 14 WHITE POND RD WINDSOR 03244
WOLFEBORO,PATRICIA M WATERMAN,84 south main street WOLFEBORO 03894,569-5328,569-8178,TOWNCLERK@WOLFEBORONH.US,WWW.WOLFEBORONH.US,8:00 AM - 7:00 PM,WOLFEBORO TOWN HALL 84 S MAIN ST WOLFEBORO 03894
WOODSTOCK,JUDY LYNN WELCH,PO BOX 156 WOODSTOCK 03262,745-8752,745-2393,TOWNCLERK@WOODSTOCKNH.GOV,WWW.WOODSTOCKNH.GOV,10AM - 6PM,WOODSTOCK TOWN HALL 924 DANIEL WEBSTER HWY WOODSTOCK 03262